"Track URI","Track Name","Artist URI(s)","Artist Name(s)","Album URI","Album Name","Album Artist URI(s)","Album Artist Name(s)","Album Release Date","Album Image URL","Disc Number","Track Number","Track Duration (ms)","Track Preview URL","Explicit","Popularity","ISRC","Added By","Added At"
"spotify:track:3rPtS4nfpy7PsARctAWpzd","Best Friend","spotify:artist:7pbDxGE6nQSZVfiFdq9lOL","Rex Orange County","spotify:album:7nLg6Pwut1eqXoK51ZjVFW","Best Friend","spotify:artist:7pbDxGE6nQSZVfiFdq9lOL","Rex Orange County","2017-01-25","https://i.scdn.co/image/ab67616d0000b273ff874602e13e9181c26e5f01","1","1","262231","https://p.scdn.co/mp3-preview/1b45899b060b09fb16d8a56ca1d22a684b9129de?cid=9950ac751e34487dbbe027c4fd7f8e99","true","78","US23A1500387","spotify:user:314atdqt2mqodvfwqh357n4m7cnu","2025-08-07T14:43:18Z"
"spotify:track:4EWBhKf1fOFnyMtUzACXEc","Pluto Projector","spotify:artist:7pbDxGE6nQSZVfiFdq9lOL","Rex Orange County","spotify:album:5CNckxfLf4TCoMOoxgAU8l","Pony","spotify:artist:7pbDxGE6nQSZVfiFdq9lOL","Rex Orange County","2019-10-25","https://i.scdn.co/image/ab67616d0000b273733e6d7818eef87d20df86b5","1","7","267520","https://p.scdn.co/mp3-preview/de98b7525eaa0120bf0cf147888e81f75017a76a?cid=9950ac751e34487dbbe027c4fd7f8e99","false","75","USRC11902533","spotify:user:314atdqt2mqodvfwqh357n4m7cnu","2025-08-07T14:43:24Z"
"spotify:track:3ld1FzyNgpZwGn4h9cOXrq","Love Me Not (feat. Rex Orange County)","spotify:artist:5RTLRtXjbXI2lSXc6jxlAz, spotify:artist:7pbDxGE6nQSZVfiFdq9lOL","Ravyn Lenae, Rex Orange County","spotify:album:66SYFOZM5lxnGsBot10yqI","Love Me Not (feat. Rex Orange County)","spotify:artist:5RTLRtXjbXI2lSXc6jxlAz, spotify:artist:7pbDxGE6nQSZVfiFdq9lOL","Ravyn Lenae, Rex Orange County","2024-10-08","https://i.scdn.co/image/ab67616d0000b273429fb56a1c1abd794170cecd","1","1","188198","https://p.scdn.co/mp3-preview/ba9e2b0768ef87ca7fe9969cf77f3098c68ae8c7?cid=9950ac751e34487dbbe027c4fd7f8e99","false","79","USAT22408814","spotify:user:314atdqt2mqodvfwqh357n4m7cnu","2025-08-07T14:44:01Z"
"spotify:track:1gH1h30wkQdd9zhY3j7a8T","THE SHADE","spotify:artist:7pbDxGE6nQSZVfiFdq9lOL","Rex Orange County","spotify:album:2yI4m5Yu2tl8v0It5P9WVz","WHO CARES?","spotify:artist:7pbDxGE6nQSZVfiFdq9lOL","Rex Orange County","2022-03-11","https://i.scdn.co/image/ab67616d0000b2735b656d32ea6b0b9c54c2d2e0","1","8","181506","https://p.scdn.co/mp3-preview/b62081b11cc9821d10922900bc290eaf459d7e84?cid=9950ac751e34487dbbe027c4fd7f8e99","false","74","USRC12102927","spotify:user:314atdqt2mqodvfwqh357n4m7cnu","2025-08-07T14:44:11Z"
"spotify:track:27rZYxE4l21wTaovX4WTnI","Television / So Far So Good","spotify:artist:7pbDxGE6nQSZVfiFdq9lOL","Rex Orange County","spotify:album:4DxNdQzm6cBYuSn4dCimmT","Apricot Princess","spotify:artist:7pbDxGE6nQSZVfiFdq9lOL","Rex Orange County","2017-04-26","https://i.scdn.co/image/ab67616d0000b2731bd6d088d3d81972af4cb81d","1","2","262600","https://p.scdn.co/mp3-preview/166f1dfa87d9d0ebe3c530b2f625e2cf046f7777?cid=9950ac751e34487dbbe027c4fd7f8e99","true","75","US23A1500497","spotify:user:314atdqt2mqodvfwqh357n4m7cnu","2025-08-07T14:44:17Z"
"spotify:track:7h2nmmoWDi2UpfYKLKWLYB","Sunflower","spotify:artist:7pbDxGE6nQSZVfiFdq9lOL","Rex Orange County","spotify:album:3qJTNgjVc6EM3yJnjFAALE","Sunflower","spotify:artist:7pbDxGE6nQSZVfiFdq9lOL","Rex Orange County","2017-03-22","https://i.scdn.co/image/ab67616d0000b273e89fffbc825d52c018a2357e","1","1","252230","https://p.scdn.co/mp3-preview/27b6b4f595da7570041c61e553a2cb8ceb6c8417?cid=9950ac751e34487dbbe027c4fd7f8e99","true","72","US23A1500468","spotify:user:314atdqt2mqodvfwqh357n4m7cnu","2025-08-07T14:44:25Z"
"spotify:track:7ASFZh1D0DPZro7UXUKGmd","Loving Is Easy","spotify:artist:7pbDxGE6nQSZVfiFdq9lOL, spotify:artist:4gHcu2JoaXJ0mV4aNPCd7N","Rex Orange County, Benny Sings","spotify:album:3GgV5IZzgFljVfmxFeHsLY","Loving is Easy","spotify:artist:7pbDxGE6nQSZVfiFdq9lOL","Rex Orange County","2017-10-11","https://i.scdn.co/image/ab67616d0000b2733a626302e9356ad154c4dffd","1","1","155720","https://p.scdn.co/mp3-preview/974a2d5b5bc9e767e270ba7d9f13c9b03ab5a60a?cid=9950ac751e34487dbbe027c4fd7f8e99","true","67","GBKPL1789493","spotify:user:314atdqt2mqodvfwqh357n4m7cnu","2025-08-07T14:45:06Z"
"spotify:track:5LrN7yUQAzvthd4QujgPFr","Here With Me","spotify:artist:5y8tKLUfMvliMe8IKamR32","d4vd","spotify:album:3rrrTOHiXGzuW4FP7t0O1A","Petals to Thorns","spotify:artist:5y8tKLUfMvliMe8IKamR32","d4vd","2023-05-26","https://i.scdn.co/image/ab67616d0000b27364fa1bda999f4fbd2b7c4bb7","1","2","242484","","false","76","QZMEM2209263","spotify:user:314atdqt2mqodvfwqh357n4m7cnu","2025-08-07T14:45:42Z"
"spotify:track:1xK59OXxi2TAAAbmZK0kBL","Romantic Homicide","spotify:artist:5y8tKLUfMvliMe8IKamR32","d4vd","spotify:album:4B3FsNFguOEJ4TWEsct83B","Romantic Homicide","spotify:artist:5y8tKLUfMvliMe8IKamR32","d4vd","2022-07-20","https://i.scdn.co/image/ab67616d0000b273bd1a52b3d5903ee01c216da0","1","1","132630","","false","87","QZMEM2232831","spotify:user:314atdqt2mqodvfwqh357n4m7cnu","2025-08-07T14:45:57Z"
"spotify:track:2ravLKGYnJWa7szKSBRTRJ","Corduroy Dreams","spotify:artist:7pbDxGE6nQSZVfiFdq9lOL","Rex Orange County","spotify:album:2PdLUS263cFyd7efyWH5B8","Bcos U Will Never B Free","spotify:artist:7pbDxGE6nQSZVfiFdq9lOL","Rex Orange County","2016-11-07","https://i.scdn.co/image/ab67616d0000b273fe1854cea6c63b2ba726a299","1","4","206974","https://p.scdn.co/mp3-preview/06357998ea486d105e55eb68481bd665c4436f19?cid=9950ac751e34487dbbe027c4fd7f8e99","true","62","US23A1500300","spotify:user:314atdqt2mqodvfwqh357n4m7cnu","2025-08-07T14:46:21Z"
"spotify:track:79EkGysjP2dL5GdpeQjRxT","This Side of Paradise","spotify:artist:48vmXfV0QPy3ljXBp81Fwn","Coyote Theory","spotify:album:2WADI6qysXnT8cpXKbH8nv","Color","spotify:artist:48vmXfV0QPy3ljXBp81Fwn","Coyote Theory","2011-06-20","https://i.scdn.co/image/ab67616d0000b273d45404b4c5a5444cb06c9f7b","1","3","242010","https://p.scdn.co/mp3-preview/586a15af2447652b7106cd04282221402a66574f?cid=9950ac751e34487dbbe027c4fd7f8e99","false","79","QMW9F1100003","spotify:user:314atdqt2mqodvfwqh357n4m7cnu","2025-08-07T14:46:34Z"
"spotify:track:5NvOZCjZaGGGL597exlQWv","Line Without a Hook","spotify:artist:0ZUvK7zGdXLd78mQr3t1Tw","Ricky Montgomery","spotify:album:25paSmOYSF03s81DCNqQn3","Montgomery Ricky","spotify:artist:0ZUvK7zGdXLd78mQr3t1Tw","Ricky Montgomery","2016-04-08","https://i.scdn.co/image/ab67616d0000b27367ee332af483acd134fd6fd0","1","2","249586","https://p.scdn.co/mp3-preview/7ca3ab941ddeebad9d8ad832c6cbc4b23f46965b?cid=9950ac751e34487dbbe027c4fd7f8e99","false","79","USA2P1624696","spotify:user:314atdqt2mqodvfwqh357n4m7cnu","2025-08-07T14:46:45Z"
"spotify:track:4SqWKzw0CbA05TGszDgMlc","I Love You So","spotify:artist:027TpXKGwdXP7iwbjUSpV8","The Walters","spotify:album:7ucm85tRsWk6EyVHaYAxe9","I Love You So","spotify:artist:027TpXKGwdXP7iwbjUSpV8","The Walters","2014-11-28","https://i.scdn.co/image/ab67616d0000b2739214ff0109a0e062f8a6cf0f","1","1","160239","https://p.scdn.co/mp3-preview/83919b3d62a4ae352229c0a779e8aa0c1b2f4f40?cid=9950ac751e34487dbbe027c4fd7f8e99","false","86","TCACC1438995","spotify:user:314atdqt2mqodvfwqh357n4m7cnu","2025-08-07T19:02:16Z"
"spotify:track:57RA3JGafJm5zRtKJiKPIm","Are You Bored Yet? (feat. Clairo)","spotify:artist:0NIPkIjTV8mB795yEIiPYL, spotify:artist:3l0CmX0FuQjFxr8SK7Vqag","Wallows, Clairo","spotify:album:7eed9MBclFPjjjvotfR2e9","Nothing Happens","spotify:artist:0NIPkIjTV8mB795yEIiPYL","Wallows","2019-03-22","https://i.scdn.co/image/ab67616d0000b27384feca0133d9a8e6539a8325","1","4","178000","https://p.scdn.co/mp3-preview/7149829d4c4645d0d4d7c9b13285879d68042a72?cid=9950ac751e34487dbbe027c4fd7f8e99","false","76","USAT21812258","spotify:user:314atdqt2mqodvfwqh357n4m7cnu","2025-08-07T19:02:19Z"
"spotify:track:2IVsRhKrx8hlQBOWy4qebo","Mr. Loverman","spotify:artist:0ZUvK7zGdXLd78mQr3t1Tw","Ricky Montgomery","spotify:album:25paSmOYSF03s81DCNqQn3","Montgomery Ricky","spotify:artist:0ZUvK7zGdXLd78mQr3t1Tw","Ricky Montgomery","2016-04-08","https://i.scdn.co/image/ab67616d0000b27367ee332af483acd134fd6fd0","1","8","216880","https://p.scdn.co/mp3-preview/10e28e156e45462b921de2e73075b7dc654d5c41?cid=9950ac751e34487dbbe027c4fd7f8e99","false","80","USA2P1624702","spotify:user:314atdqt2mqodvfwqh357n4m7cnu","2025-08-07T19:02:19Z"
"spotify:track:0za55KLGfhCOr2TC4RM6dr","Sofia","spotify:artist:3l0CmX0FuQjFxr8SK7Vqag","Clairo","spotify:album:2DDv7gTOpB3D3kDEHddP9z","Immunity","spotify:artist:3l0CmX0FuQjFxr8SK7Vqag","Clairo","2019-08-02","https://i.scdn.co/image/ab67616d0000b27378d601a8e07bef8b1f8ecf82","1","7","188386","","false","78","US4HB1900086","spotify:user:314atdqt2mqodvfwqh357n4m7cnu","2025-08-07T19:02:20Z"
"spotify:track:3ZgkHyoKfNMcHTXC0X1qQj","Cloud 9","spotify:artist:2vnB6tuQMaQpORiRdvXF9H","Beach Bunny","spotify:album:5a9E9jSsyMwqQ1keuz6G5Q","Honeymoon","spotify:artist:2vnB6tuQMaQpORiRdvXF9H","Beach Bunny","2020-02-14","https://i.scdn.co/image/ab67616d0000b27318350a1dd3b708d94b1362a7","1","9","147350","https://p.scdn.co/mp3-preview/706a4f1d71f83d60e843bd07f689549eeb1b64e5?cid=9950ac751e34487dbbe027c4fd7f8e99","false","71","USQE91600054","spotify:user:314atdqt2mqodvfwqh357n4m7cnu","2025-08-07T19:02:20Z"
"spotify:track:429NtPmr12aypzFH3FkN9l","Coffee","spotify:artist:35l9BRT7MXmM8bv2WDQiyB","beabadoobee","spotify:album:5wQU9QESgj4rLyLECGTJGn","Coffee","spotify:artist:35l9BRT7MXmM8bv2WDQiyB","beabadoobee","2017-11-04","https://i.scdn.co/image/ab67616d0000b273ad2c1e1bcbc8d7415636691b","1","1","126824","https://p.scdn.co/mp3-preview/53e56941dab98dea70b26dd96fb767f44ee32e85?cid=9950ac751e34487dbbe027c4fd7f8e99","false","73","GBK3W1800819","spotify:user:314atdqt2mqodvfwqh357n4m7cnu","2025-08-12T15:55:16Z"
"spotify:track:41P6Tnd8KIHqON0QIydx6a","the perfect pair","spotify:artist:35l9BRT7MXmM8bv2WDQiyB","beabadoobee","spotify:album:2rhNQbqRNxiNQkDXTffe1V","Beatopia","spotify:artist:35l9BRT7MXmM8bv2WDQiyB","beabadoobee","2022-07-15","https://i.scdn.co/image/ab67616d0000b273384d10f967c2b914de7e2713","1","6","177533","https://p.scdn.co/mp3-preview/3b1c6829014c2980275507f8041e106665c761e5?cid=9950ac751e34487dbbe027c4fd7f8e99","false","82","GBK3W2202093","spotify:user:314atdqt2mqodvfwqh357n4m7cnu","2025-08-12T15:55:20Z"
"spotify:track:3iBgrkexCzVuPy4O9vx7Mf","Glue Song","spotify:artist:35l9BRT7MXmM8bv2WDQiyB","beabadoobee","spotify:album:3KmSMUwyrakryureTNI4U8","Glue Song","spotify:artist:35l9BRT7MXmM8bv2WDQiyB","beabadoobee","2023-02-14","https://i.scdn.co/image/ab67616d0000b273e3862aeefcb2f0860ef017e4","1","1","135066","https://p.scdn.co/mp3-preview/2dbe14c459b8cf4414f3d5b21e1cb8cc6b85886f?cid=9950ac751e34487dbbe027c4fd7f8e99","false","80","GBK3W2302568","spotify:user:314atdqt2mqodvfwqh357n4m7cnu","2025-08-12T15:55:24Z"
"spotify:track:0OpC8hRrbsh24taKOsQBEX","Real Man","spotify:artist:35l9BRT7MXmM8bv2WDQiyB","beabadoobee","spotify:album:5oT7xqbRbQCevZ0XC5aBFu","This Is How Tomorrow Moves","spotify:artist:35l9BRT7MXmM8bv2WDQiyB","beabadoobee","2024-08-09","https://i.scdn.co/image/ab67616d0000b2737d9a2e7835a178df7b0153aa","1","4","160600","https://p.scdn.co/mp3-preview/559f27f9d50a9489265b0f43d73e0a42acd0ee48?cid=9950ac751e34487dbbe027c4fd7f8e99","false","78","GBK3W2402964","spotify:user:314atdqt2mqodvfwqh357n4m7cnu","2025-08-12T15:57:51Z"
"spotify:track:5xA5MggKc3aQxuOzNzPUWB","Apple Cider","spotify:artist:35l9BRT7MXmM8bv2WDQiyB","beabadoobee","spotify:album:475CNcvlqtRpaXjTcn4hCP","Loveworm","spotify:artist:35l9BRT7MXmM8bv2WDQiyB","beabadoobee","2019-04-26","https://i.scdn.co/image/ab67616d0000b273ceca3ef39ab8f9b59acff394","1","3","178918","https://p.scdn.co/mp3-preview/81e4a24f950385d7bbb256646a4aa191dbbf6a5a?cid=9950ac751e34487dbbe027c4fd7f8e99","true","77","GBK3W1901010","spotify:user:314atdqt2mqodvfwqh357n4m7cnu","2025-08-12T16:00:52Z"
"spotify:track:42qNWdLKCI41S4uzfamhFM","Duvet","spotify:artist:5jTtGLk1mGFMY5lQOvJYUj","bôa","spotify:album:7sGYAV0xv7ZfAMzIpMl8m1","Twilight","spotify:artist:5jTtGLk1mGFMY5lQOvJYUj","bôa","2001-03-21","https://i.scdn.co/image/ab67616d0000b273948506eef3b3350b2385ef51","1","1","203600","https://p.scdn.co/mp3-preview/474f8d18f6706088597a83970f0d77174458af18?cid=9950ac751e34487dbbe027c4fd7f8e99","false","84","USCGJ0659337","spotify:user:314atdqt2mqodvfwqh357n4m7cnu","2025-08-14T17:47:34Z"
"spotify:track:25WBAqR5bcRrs1du9L6AeC","Sports","spotify:artist:2vnB6tuQMaQpORiRdvXF9H","Beach Bunny","spotify:album:5JGuxypTE7bOpGhOC61CRs","Sports","spotify:artist:2vnB6tuQMaQpORiRdvXF9H","Beach Bunny","2018-01-01","https://i.scdn.co/image/ab67616d0000b273e40750ff13c3775b589b612e","1","1","164165","https://p.scdn.co/mp3-preview/f593c3c0869c2be7d635230dd3e478fedd560ca1?cid=9950ac751e34487dbbe027c4fd7f8e99","false","68","QZAPG1780549","spotify:user:314atdqt2mqodvfwqh357n4m7cnu","2025-08-18T18:35:07Z"
"spotify:track:6GJdFTOm23lC5bqjYSMJTj","Prom Queen","spotify:artist:2vnB6tuQMaQpORiRdvXF9H","Beach Bunny","spotify:album:08jELZMYlptbxXdmLGnFfo","Prom Queen","spotify:artist:2vnB6tuQMaQpORiRdvXF9H","Beach Bunny","2018-08-10","https://i.scdn.co/image/ab67616d0000b273e6f804fb1092a0a052aec3a6","1","1","136562","https://p.scdn.co/mp3-preview/1173461bf23082e571fe501d82e14d1b7f2e9d81?cid=9950ac751e34487dbbe027c4fd7f8e99","false","79","QZDA71885746","spotify:user:314atdqt2mqodvfwqh357n4m7cnu","2025-08-18T20:42:32Z"
"spotify:track:415aR5b8Uws9UPGTsssWaS","Painkiller","spotify:artist:2vnB6tuQMaQpORiRdvXF9H","Beach Bunny","spotify:album:08jELZMYlptbxXdmLGnFfo","Prom Queen","spotify:artist:2vnB6tuQMaQpORiRdvXF9H","Beach Bunny","2018-08-10","https://i.scdn.co/image/ab67616d0000b273e6f804fb1092a0a052aec3a6","1","2","216146","https://p.scdn.co/mp3-preview/aa126e6dffcf4825aee4f6831772b25fed78c1d9?cid=9950ac751e34487dbbe027c4fd7f8e99","false","54","QZDA61831222","spotify:user:314atdqt2mqodvfwqh357n4m7cnu","2025-08-18T20:42:47Z"
"spotify:track:37l31PrCNsg8baUjarNAi9","I Can't Handle Change","spotify:artist:7dIpKWlEeAljA20vFJ82RD","Roar","spotify:album:0YjOnBY0FRufcmNBTzWTgX","I Can't Handle Change","spotify:artist:7dIpKWlEeAljA20vFJ82RD","Roar","2010-03-14","https://i.scdn.co/image/ab67616d0000b2737ffa4709d9debeacb9723a56","1","1","198213","https://p.scdn.co/mp3-preview/dba0fa3277022e86425634bf66d6a89996943be9?cid=9950ac751e34487dbbe027c4fd7f8e99","false","77","USHM81020595","spotify:user:314atdqt2mqodvfwqh357n4m7cnu","2025-08-18T20:43:18Z"
"spotify:track:3SxSrUogj4LpAkLKXeTtTQ","Always","spotify:artist:7pbDxGE6nQSZVfiFdq9lOL","Rex Orange County","spotify:album:5CNckxfLf4TCoMOoxgAU8l","Pony","spotify:artist:7pbDxGE6nQSZVfiFdq9lOL","Rex Orange County","2019-10-25","https://i.scdn.co/image/ab67616d0000b273733e6d7818eef87d20df86b5","1","2","197333","https://p.scdn.co/mp3-preview/bb2d357e76ce01f208b798001d878b28ba42184a?cid=9950ac751e34487dbbe027c4fd7f8e99","false","61","USRC11902529","spotify:user:314atdqt2mqodvfwqh357n4m7cnu","2025-08-30T17:05:44Z"
"spotify:track:7vRia9rlEuTDQxkfXIKySi","It's Not The Same Anymore","spotify:artist:7pbDxGE6nQSZVfiFdq9lOL","Rex Orange County","spotify:album:5CNckxfLf4TCoMOoxgAU8l","Pony","spotify:artist:7pbDxGE6nQSZVfiFdq9lOL","Rex Orange County","2019-10-25","https://i.scdn.co/image/ab67616d0000b273733e6d7818eef87d20df86b5","1","10","386200","https://p.scdn.co/mp3-preview/e232d008cce7ac573b53402190168986ded49d8b?cid=9950ac751e34487dbbe027c4fd7f8e99","false","60","USRC11902536","spotify:user:314atdqt2mqodvfwqh357n4m7cnu","2025-08-30T17:06:34Z"
"spotify:track:7HOsPWfUoMjc2tcC4hVyQV","Every Way","spotify:artist:7pbDxGE6nQSZVfiFdq9lOL","Rex Orange County","spotify:album:5CNckxfLf4TCoMOoxgAU8l","Pony","spotify:artist:7pbDxGE6nQSZVfiFdq9lOL","Rex Orange County","2019-10-25","https://i.scdn.co/image/ab67616d0000b273733e6d7818eef87d20df86b5","1","8","133440","https://p.scdn.co/mp3-preview/be00f40ab3834ddd49561e71eefcb7d91100f50c?cid=9950ac751e34487dbbe027c4fd7f8e99","false","51","USRC11902534","spotify:user:314atdqt2mqodvfwqh357n4m7cnu","2025-08-30T17:06:41Z"
"spotify:track:40GRJBeHKroMtWwGX9EFyQ","Untitled","spotify:artist:7pbDxGE6nQSZVfiFdq9lOL","Rex Orange County","spotify:album:4DxNdQzm6cBYuSn4dCimmT","Apricot Princess","spotify:artist:7pbDxGE6nQSZVfiFdq9lOL","Rex Orange County","2017-04-26","https://i.scdn.co/image/ab67616d0000b2731bd6d088d3d81972af4cb81d","1","5","135706","https://p.scdn.co/mp3-preview/d7a8ad637048f87974bea21858900eba05b3b5f0?cid=9950ac751e34487dbbe027c4fd7f8e99","true","65","US23A1500493","spotify:user:314atdqt2mqodvfwqh357n4m7cnu","2025-08-30T17:07:09Z"
"spotify:track:7lUX7bNyCJZeSn0ZCvL0GW","Sycamore Girl","spotify:artist:7pbDxGE6nQSZVfiFdq9lOL","Rex Orange County","spotify:album:4DxNdQzm6cBYuSn4dCimmT","Apricot Princess","spotify:artist:7pbDxGE6nQSZVfiFdq9lOL","Rex Orange County","2017-04-26","https://i.scdn.co/image/ab67616d0000b2731bd6d088d3d81972af4cb81d","1","4","280333","https://p.scdn.co/mp3-preview/05e719721e9a68aad145b8979e406bf8c7df5c47?cid=9950ac751e34487dbbe027c4fd7f8e99","true","51","US23A1500499","spotify:user:314atdqt2mqodvfwqh357n4m7cnu","2025-08-30T17:07:17Z"
"spotify:track:7aSyG7cskkG3zhfO2JLxq3","Happiness","spotify:artist:7pbDxGE6nQSZVfiFdq9lOL","Rex Orange County","spotify:album:4DxNdQzm6cBYuSn4dCimmT","Apricot Princess","spotify:artist:7pbDxGE6nQSZVfiFdq9lOL","Rex Orange County","2017-04-26","https://i.scdn.co/image/ab67616d0000b2731bd6d088d3d81972af4cb81d","1","10","279693","https://p.scdn.co/mp3-preview/87fed18c8e401b07bb45366b548396274d98e170?cid=9950ac751e34487dbbe027c4fd7f8e99","false","74","US23A1500504","spotify:user:314atdqt2mqodvfwqh357n4m7cnu","2025-08-30T17:07:33Z"
"spotify:track:3OM6qQmdFV6uy61GIqpRtf","AMAZING","spotify:artist:7pbDxGE6nQSZVfiFdq9lOL","Rex Orange County","spotify:album:2yI4m5Yu2tl8v0It5P9WVz","WHO CARES?","spotify:artist:7pbDxGE6nQSZVfiFdq9lOL","Rex Orange County","2022-03-11","https://i.scdn.co/image/ab67616d0000b2735b656d32ea6b0b9c54c2d2e0","1","4","209200","https://p.scdn.co/mp3-preview/72536b66e4607b9e6d78deb6facaebe5f74e12f0?cid=9950ac751e34487dbbe027c4fd7f8e99","false","69","USRC12102923","spotify:user:314atdqt2mqodvfwqh357n4m7cnu","2025-08-30T17:08:08Z"
"spotify:track:1phSI7mJzqlu2HE6gIwu7I","A Song About Being Sad","spotify:artist:7pbDxGE6nQSZVfiFdq9lOL","Rex Orange County","spotify:album:2PdLUS263cFyd7efyWH5B8","Bcos U Will Never B Free","spotify:artist:7pbDxGE6nQSZVfiFdq9lOL","Rex Orange County","2016-11-07","https://i.scdn.co/image/ab67616d0000b273fe1854cea6c63b2ba726a299","1","8","136000","https://p.scdn.co/mp3-preview/c40ebdac80e12e135e9bd896907aea245014ec56?cid=9950ac751e34487dbbe027c4fd7f8e99","true","56","US23A1500304","spotify:user:314atdqt2mqodvfwqh357n4m7cnu","2025-08-30T17:09:24Z"
"spotify:track:6EyMjnZqL89XVWWM1jT4Ci","Know Love","spotify:artist:7pbDxGE6nQSZVfiFdq9lOL","Rex Orange County","spotify:album:2PdLUS263cFyd7efyWH5B8","Bcos U Will Never B Free","spotify:artist:7pbDxGE6nQSZVfiFdq9lOL","Rex Orange County","2016-11-07","https://i.scdn.co/image/ab67616d0000b273fe1854cea6c63b2ba726a299","1","9","241000","https://p.scdn.co/mp3-preview/4eac4af834160768104b58099cc1c0989c3bff37?cid=9950ac751e34487dbbe027c4fd7f8e99","true","46","US23A1500305","spotify:user:314atdqt2mqodvfwqh357n4m7cnu","2025-08-30T17:09:39Z"
"spotify:track:5GB646asCrgVsjO9FK68Gy","Rex (Intro)","spotify:artist:7pbDxGE6nQSZVfiFdq9lOL","Rex Orange County","spotify:album:2PdLUS263cFyd7efyWH5B8","Bcos U Will Never B Free","spotify:artist:7pbDxGE6nQSZVfiFdq9lOL","Rex Orange County","2016-11-07","https://i.scdn.co/image/ab67616d0000b273fe1854cea6c63b2ba726a299","1","1","107170","https://p.scdn.co/mp3-preview/f53143649e219dff0c470dcc0023013c68b2b869?cid=9950ac751e34487dbbe027c4fd7f8e99","true","45","US23A1500297","spotify:user:314atdqt2mqodvfwqh357n4m7cnu","2025-08-30T17:10:05Z"
"spotify:track:4tyjNEHKos3lZPYAfTiMKH","Silver Lining","spotify:artist:7gW0r5CkdEUMm42w9XpyZO","Laufey","spotify:album:5rMOCuiWWbEBcHaKM69Hmv","A Matter of Time","spotify:artist:7gW0r5CkdEUMm42w9XpyZO","Laufey","2025-08-22","https://i.scdn.co/image/ab67616d0000b2738f68f6e65c1cfd36bb21561c","1","6","197533","https://p.scdn.co/mp3-preview/0dcb611d4b51dee28dd9899071ecb606fecda761?cid=9950ac751e34487dbbe027c4fd7f8e99","false","71","QM6MZ2547162","spotify:user:314atdqt2mqodvfwqh357n4m7cnu","2025-08-31T10:53:48Z"
"spotify:track:5PFjKfGf75I3LkKGiReWp5","Tough Luck","spotify:artist:7gW0r5CkdEUMm42w9XpyZO","Laufey","spotify:album:5rMOCuiWWbEBcHaKM69Hmv","A Matter of Time","spotify:artist:7gW0r5CkdEUMm42w9XpyZO","Laufey","2025-08-22","https://i.scdn.co/image/ab67616d0000b2738f68f6e65c1cfd36bb21561c","1","10","192866","https://p.scdn.co/mp3-preview/eda5c9bf90bcbf8fafbc6ac7f892d1ee11cf84ff?cid=9950ac751e34487dbbe027c4fd7f8e99","true","70","QM6N22553535","spotify:user:314atdqt2mqodvfwqh357n4m7cnu","2025-08-31T10:54:13Z"
"spotify:track:0gBlPhTZaqY06DHCL9V7W5","Mr. Eclectic","spotify:artist:7gW0r5CkdEUMm42w9XpyZO","Laufey","spotify:album:5rMOCuiWWbEBcHaKM69Hmv","A Matter of Time","spotify:artist:7gW0r5CkdEUMm42w9XpyZO","Laufey","2025-08-22","https://i.scdn.co/image/ab67616d0000b2738f68f6e65c1cfd36bb21561c","1","12","155000","https://p.scdn.co/mp3-preview/6da2ea394cf10d88eacec665165ddbf673134bda?cid=9950ac751e34487dbbe027c4fd7f8e99","false","71","QM6N22553537","spotify:user:314atdqt2mqodvfwqh357n4m7cnu","2025-08-31T10:54:23Z"
"spotify:track:5vUwvYW5fpHrwHfirVpkHn","Clean Air","spotify:artist:7gW0r5CkdEUMm42w9XpyZO","Laufey","spotify:album:5rMOCuiWWbEBcHaKM69Hmv","A Matter of Time","spotify:artist:7gW0r5CkdEUMm42w9XpyZO","Laufey","2025-08-22","https://i.scdn.co/image/ab67616d0000b2738f68f6e65c1cfd36bb21561c","1","13","155200","https://p.scdn.co/mp3-preview/9f829c3f798b45b5511c363670c043d6b007c2d5?cid=9950ac751e34487dbbe027c4fd7f8e99","true","64","QM6N22553538","spotify:user:314atdqt2mqodvfwqh357n4m7cnu","2025-08-31T10:55:39Z"
"spotify:track:08PdFBcXzpkn1cWNgmKqhn","Promise","spotify:artist:7gW0r5CkdEUMm42w9XpyZO","Laufey","spotify:album:1rpCHilZQkw84A3Y9czvMO","Bewitched","spotify:artist:7gW0r5CkdEUMm42w9XpyZO","Laufey","2023-09-08","https://i.scdn.co/image/ab67616d0000b27374c732f8aa0e0ccbb3d17d96","1","9","234266","https://p.scdn.co/mp3-preview/2a9f6feb9ebe1632f2ea96572b941cbf7e67670b?cid=9950ac751e34487dbbe027c4fd7f8e99","false","79","QMDA62312092","spotify:user:314atdqt2mqodvfwqh357n4m7cnu","2025-08-31T10:56:44Z"
"spotify:track:2W779g2UrRZtVdf3FcEOO1","In My Mind","spotify:artist:4pfy05cNNTacuOQ6SiSu4v","Lyn Lapid","spotify:album:4uLn2Ci7bNaHSZ0tBHYlxt","In My Mind","spotify:artist:4pfy05cNNTacuOQ6SiSu4v","Lyn Lapid","2021-08-20","https://i.scdn.co/image/ab67616d0000b273f811a222ec1f0211a1f584e7","1","1","162794","","false","66","USUM72115062","spotify:user:314atdqt2mqodvfwqh357n4m7cnu","2025-08-31T10:56:46Z"
"spotify:track:4KGGeE7RJsgLNZmnxGFlOj","Falling Behind","spotify:artist:7gW0r5CkdEUMm42w9XpyZO","Laufey","spotify:album:0Ydm84ftyiWRGOIFkdl30L","Everything I Know About Love","spotify:artist:7gW0r5CkdEUMm42w9XpyZO","Laufey","2022-08-26","https://i.scdn.co/image/ab67616d0000b27348341e864d4b4881f56f01b4","1","10","173640","https://p.scdn.co/mp3-preview/85ba231413741bc408465f23bdf1d1ea5b2c4dac?cid=9950ac751e34487dbbe027c4fd7f8e99","false","82","GBKPL2298396","spotify:user:314atdqt2mqodvfwqh357n4m7cnu","2025-08-31T10:56:46Z"
"spotify:track:6cx5CvFhqN19efStehJqoW","Valentine","spotify:artist:7gW0r5CkdEUMm42w9XpyZO","Laufey","spotify:album:0Ydm84ftyiWRGOIFkdl30L","Everything I Know About Love","spotify:artist:7gW0r5CkdEUMm42w9XpyZO","Laufey","2022-08-26","https://i.scdn.co/image/ab67616d0000b27348341e864d4b4881f56f01b4","1","3","168906","https://p.scdn.co/mp3-preview/3c123a80ca663a4ba834ba4e0e383b16b7cda158?cid=9950ac751e34487dbbe027c4fd7f8e99","false","77","GBKPL2280365","spotify:user:314atdqt2mqodvfwqh357n4m7cnu","2025-08-31T10:56:54Z"
"spotify:track:709p9UGPAuyImWf1Z3vjRo","Let You Break My Heart Again","spotify:artist:7gW0r5CkdEUMm42w9XpyZO, spotify:artist:09KZU0NsS7jRa5p0SflmGY","Laufey, Philharmonia Orchestra","spotify:album:2YkyuQGoMV2FlG7mFprnRf","Let You Break My Heart Again","spotify:artist:7gW0r5CkdEUMm42w9XpyZO, spotify:artist:09KZU0NsS7jRa5p0SflmGY","Laufey, Philharmonia Orchestra","2021-08-13","https://i.scdn.co/image/ab67616d0000b2739457bba66a2daf4456855bb7","1","1","269066","https://p.scdn.co/mp3-preview/fe19b8ff802a02e7388fbf596e33132ff923bd4f?cid=9950ac751e34487dbbe027c4fd7f8e99","false","78","TCAFR2175884","spotify:user:314atdqt2mqodvfwqh357n4m7cnu","2025-08-31T10:57:09Z"
"spotify:track:6BQPRUFGHsgtNYJxuwhktR","This Is How It Feels (with Laufey)","spotify:artist:5y8tKLUfMvliMe8IKamR32, spotify:artist:7gW0r5CkdEUMm42w9XpyZO","d4vd, Laufey","spotify:album:3rrrTOHiXGzuW4FP7t0O1A","Petals to Thorns","spotify:artist:5y8tKLUfMvliMe8IKamR32","d4vd","2023-05-26","https://i.scdn.co/image/ab67616d0000b27364fa1bda999f4fbd2b7c4bb7","1","3","284305","","false","62","USUM72305204","spotify:user:314atdqt2mqodvfwqh357n4m7cnu","2025-08-31T11:34:32Z"
"spotify:track:5ye1TParxcolbnNsOXO8qE","Sleep Well","spotify:artist:5y8tKLUfMvliMe8IKamR32","d4vd","spotify:album:3rrrTOHiXGzuW4FP7t0O1A","Petals to Thorns","spotify:artist:5y8tKLUfMvliMe8IKamR32","d4vd","2023-05-26","https://i.scdn.co/image/ab67616d0000b27364fa1bda999f4fbd2b7c4bb7","1","1","175875","","false","67","USUM72304647","spotify:user:314atdqt2mqodvfwqh357n4m7cnu","2025-08-31T11:34:38Z"
"spotify:track:0SCLsDJtC7DmOwks1tsszt","Romantic Homicide","spotify:artist:5y8tKLUfMvliMe8IKamR32","d4vd","spotify:album:3rrrTOHiXGzuW4FP7t0O1A","Petals to Thorns","spotify:artist:5y8tKLUfMvliMe8IKamR32","d4vd","2023-05-26","https://i.scdn.co/image/ab67616d0000b27364fa1bda999f4fbd2b7c4bb7","1","8","132630","","false","50","QZMEM2232831","spotify:user:314atdqt2mqodvfwqh357n4m7cnu","2025-08-31T11:34:51Z"
"spotify:track:1tuSpba0RXUMubHpAOWlMN","You and I","spotify:artist:5y8tKLUfMvliMe8IKamR32","d4vd","spotify:album:3rrrTOHiXGzuW4FP7t0O1A","Petals to Thorns","spotify:artist:5y8tKLUfMvliMe8IKamR32","d4vd","2023-05-26","https://i.scdn.co/image/ab67616d0000b27364fa1bda999f4fbd2b7c4bb7","1","7","152551","","false","64","QZFYY2293829","spotify:user:314atdqt2mqodvfwqh357n4m7cnu","2025-08-31T11:34:55Z"
"spotify:track:5XztHXAVuubYi0GgqGGgF5","Backstreet Girl","spotify:artist:5y8tKLUfMvliMe8IKamR32","d4vd","spotify:album:3rrrTOHiXGzuW4FP7t0O1A","Petals to Thorns","spotify:artist:5y8tKLUfMvliMe8IKamR32","d4vd","2023-05-26","https://i.scdn.co/image/ab67616d0000b27364fa1bda999f4fbd2b7c4bb7","1","6","250492","","false","53","USUM72304495","spotify:user:314atdqt2mqodvfwqh357n4m7cnu","2025-08-31T11:35:06Z"
"spotify:track:26vDr5jgWQoJOTH4Bu3KCQ","WORTHLESS","spotify:artist:5y8tKLUfMvliMe8IKamR32","d4vd","spotify:album:3rrrTOHiXGzuW4FP7t0O1A","Petals to Thorns","spotify:artist:5y8tKLUfMvliMe8IKamR32","d4vd","2023-05-26","https://i.scdn.co/image/ab67616d0000b27364fa1bda999f4fbd2b7c4bb7","1","5","163049","","false","53","USUM72302840","spotify:user:314atdqt2mqodvfwqh357n4m7cnu","2025-08-31T11:35:09Z"
"spotify:track:5J27KD5G7Ub3hubaRnGoVB","Nothing","spotify:artist:7pbDxGE6nQSZVfiFdq9lOL, spotify:artist:2hnEiOVSXzO81ruLVH0KUR","Rex Orange County, Marco McKinnis","spotify:album:4DxNdQzm6cBYuSn4dCimmT","Apricot Princess","spotify:artist:7pbDxGE6nQSZVfiFdq9lOL","Rex Orange County","2017-04-26","https://i.scdn.co/image/ab67616d0000b2731bd6d088d3d81972af4cb81d","1","3","293346","https://p.scdn.co/mp3-preview/9fc6731e76898d138a97bfa4601ab197160a242a?cid=9950ac751e34487dbbe027c4fd7f8e99","true","50","US23A1500498","spotify:user:314atdqt2mqodvfwqh357n4m7cnu","2025-09-02T14:21:46Z"
"spotify:track:3Ku0VYAQ4b6IomnonhjdVv","Rearrange My World","spotify:artist:20wkVLutqVOYrc0kxFs7rA, spotify:artist:7pbDxGE6nQSZVfiFdq9lOL","Daniel Caesar, Rex Orange County","spotify:album:5ktP3Kld7AkIWr6yXUaTbn","Rearrange My World / There’s a Field (That's Only Yours)","spotify:artist:20wkVLutqVOYrc0kxFs7rA, spotify:artist:7pbDxGE6nQSZVfiFdq9lOL","Daniel Caesar, Rex Orange County","2025-02-14","https://i.scdn.co/image/ab67616d0000b27312046e0feb232527e09e6d43","1","1","228762","","false","72","USUG12501397","spotify:user:314atdqt2mqodvfwqh357n4m7cnu","2025-09-05T15:57:43Z"
"spotify:track:7D7GfQJaJlMZtNpB7XKwxe","My Plea","spotify:artist:1vVHevk2PD45epYnDi9CCc","Jack Stauber","spotify:album:1RHa1VdX6lsLbeedgsV1cb","Pop Food","spotify:artist:1vVHevk2PD45epYnDi9CCc","Jack Stauber","2017-03-25","https://i.scdn.co/image/ab67616d0000b27300272ecbea82517b4aafb12f","1","8","176006","https://p.scdn.co/mp3-preview/7b50a0fd7c888bf667dba80ef6bc802325eade24?cid=9950ac751e34487dbbe027c4fd7f8e99","false","47","QMPKX1703676","spotify:user:314atdqt2mqodvfwqh357n4m7cnu","2025-09-07T17:11:41Z"
"spotify:track:1JMvajCm93H7ppK5sboii0","Unslept","spotify:artist:45EuZYASyeJ7F8It1PxO54","Miraidempa","spotify:album:6JapNUfJirdFanWTMpltCv","Unslept","spotify:artist:45EuZYASyeJ7F8It1PxO54","Miraidempa","2025-06-10","https://i.scdn.co/image/ab67616d0000b273c91175393cd17e6bc3a947c5","1","1","130434","https://p.scdn.co/mp3-preview/e62d63866d41b555e4941319e7e79d717b575f14?cid=9950ac751e34487dbbe027c4fd7f8e99","false","71","TCJPI2565441","spotify:user:314atdqt2mqodvfwqh357n4m7cnu","2025-09-12T10:53:41Z"
"spotify:track:5jztuiRR4sGzlXATycRV3N","Sayonara Cross Teck","spotify:artist:45EuZYASyeJ7F8It1PxO54","Miraidempa","spotify:album:4aJzwCAbYVxsEN2hC0A7Sd","Therapy","spotify:artist:45EuZYASyeJ7F8It1PxO54","Miraidempa","2018-02-18","https://i.scdn.co/image/ab67616d0000b2730c1f29023c8a0cc3d4107dee","1","6","160434","https://p.scdn.co/mp3-preview/87f331a7e14e338f7b0f4e3a614e6852206cc5c4?cid=9950ac751e34487dbbe027c4fd7f8e99","false","62","TCJPG1859665","spotify:user:314atdqt2mqodvfwqh357n4m7cnu","2025-09-12T10:53:54Z"
"spotify:track:3IznIgmXtrUaoPWpQTy5jB","Not Allowed","spotify:artist:0Y6dVaC9DZtPNH4591M42W","TV Girl","spotify:album:4oL7pMxnb04uuRI7ReXmuh","Who Really Cares","spotify:artist:0Y6dVaC9DZtPNH4591M42W","TV Girl","2016-02-25","https://i.scdn.co/image/ab67616d0000b27332f5fec7a879ed6ef28f0dfd","1","5","167864","https://p.scdn.co/mp3-preview/b1f61776e5425927fac6f4e79733d9fb8baf20dc?cid=9950ac751e34487dbbe027c4fd7f8e99","true","82","USCGH1682131","spotify:user:314atdqt2mqodvfwqh357n4m7cnu","2025-09-12T10:55:04Z"
"spotify:track:6QeYSvYqYUsfBzsApbjDHO","Cigarettes out the Window","spotify:artist:0Y6dVaC9DZtPNH4591M42W","TV Girl","spotify:album:4oL7pMxnb04uuRI7ReXmuh","Who Really Cares","spotify:artist:0Y6dVaC9DZtPNH4591M42W","TV Girl","2016-02-25","https://i.scdn.co/image/ab67616d0000b27332f5fec7a879ed6ef28f0dfd","1","3","198960","https://p.scdn.co/mp3-preview/7141e8575ba61267370ea78a9d3d9f82354d6c1a?cid=9950ac751e34487dbbe027c4fd7f8e99","false","85","USCGH1682129","spotify:user:314atdqt2mqodvfwqh357n4m7cnu","2025-09-12T10:55:26Z"
"spotify:track:3EaJDYHA0KnX88JvDhL9oa","Dark Red","spotify:artist:57vWImR43h4CaDao012Ofp","Steve Lacy","spotify:album:7vrsFZNVhrriKh0SZKJW41","Dark Red","spotify:artist:57vWImR43h4CaDao012Ofp","Steve Lacy","2017-02-20","https://i.scdn.co/image/ab67616d0000b2733d2dfa42f771cd458b194979","1","1","173104","https://p.scdn.co/mp3-preview/90b3855fd50a4c4878a2d5117ebe73f658a97285?cid=9950ac751e34487dbbe027c4fd7f8e99","false","85","GBKPL1778015","spotify:user:314atdqt2mqodvfwqh357n4m7cnu","2025-09-12T10:56:12Z"
"spotify:track:2vWBUC9djv6BtiGlmKiQaH","YKWIM?","spotify:artist:6FugQjLquBF4JzATRN70bR","Yot Club","spotify:album:60jUlxAOAcsiQUEW0XLroT","Bipolar","spotify:artist:6FugQjLquBF4JzATRN70bR","Yot Club","2019-05-31","https://i.scdn.co/image/ab67616d0000b2731a72818330a056c9d3556a68","1","3","212750","https://p.scdn.co/mp3-preview/161ef474ecf74508ac4a307e3d577e5cd61aa4a6?cid=9950ac751e34487dbbe027c4fd7f8e99","false","77","CAGOO1966522","spotify:user:314atdqt2mqodvfwqh357n4m7cnu","2025-09-12T10:56:31Z"
"spotify:track:6dBUzqjtbnIa1TwYbyw5CM","Lovers Rock","spotify:artist:0Y6dVaC9DZtPNH4591M42W","TV Girl","spotify:album:4Hai0uVzRbyTSaTPzxTY4e","French Exit","spotify:artist:0Y6dVaC9DZtPNH4591M42W","TV Girl","2014-06-05","https://i.scdn.co/image/ab67616d0000b273e1bc1af856b42dd7fdba9f84","1","9","213920","https://p.scdn.co/mp3-preview/922a42db5aa8f8d335725697b7d7a12af6808f3a?cid=9950ac751e34487dbbe027c4fd7f8e99","false","86","USHM21438143","spotify:user:314atdqt2mqodvfwqh357n4m7cnu","2025-09-12T10:56:32Z"
"spotify:track:10nyNJ6zNy2YVYLrcwLccB","No Surprises","spotify:artist:4Z8W4fKeB5YxbusRsdQVPb","Radiohead","spotify:album:6dVIqQ8qmQ5GBnJ9shOYGE","OK Computer","spotify:artist:4Z8W4fKeB5YxbusRsdQVPb","Radiohead","1997-05-28","https://i.scdn.co/image/ab67616d0000b273c8b444df094279e70d0ed856","1","10","229120","https://p.scdn.co/mp3-preview/969161ef645e3e89a4ee8a0274013dae480a9e2d?cid=9950ac751e34487dbbe027c4fd7f8e99","false","86","GBAYE9700386","spotify:user:314atdqt2mqodvfwqh357n4m7cnu","2025-09-12T10:57:07Z"
"spotify:track:5mtTAScDytxMMqZj14NmlN","love.","spotify:artist:5069JTmv5ZDyPeZaCCXiCg","wave to earth","spotify:album:5T0Gt5JYXh6gEttuB8ujML","0.1 flaws and all.","spotify:artist:5069JTmv5ZDyPeZaCCXiCg","wave to earth","2023-04-20","https://i.scdn.co/image/ab67616d0000b27324f8c3ad20b7c6cfecb5832e","1","8","307750","https://p.scdn.co/mp3-preview/5af5afdcef449c1c6d64f858b1f4e0d798727b58?cid=9950ac751e34487dbbe027c4fd7f8e99","false","78","KRA252300813","spotify:user:314atdqt2mqodvfwqh357n4m7cnu","2025-09-12T10:57:09Z"
"spotify:track:5VBjyOQzqlPNgdRPMM6prF","seasons","spotify:artist:5069JTmv5ZDyPeZaCCXiCg","wave to earth","spotify:album:3NRNR4txhuRLhnQUUlqWXH","summer flows 0.02","spotify:artist:5069JTmv5ZDyPeZaCCXiCg","wave to earth","2020-08-04","https://i.scdn.co/image/ab67616d0000b2733f203b8d0d8e54fab416a825","1","3","255998","https://p.scdn.co/mp3-preview/b5d6dfb2e95e11c6654d275cb8c252b99e8f7c2f?cid=9950ac751e34487dbbe027c4fd7f8e99","false","79","KRMIM2021578","spotify:user:314atdqt2mqodvfwqh357n4m7cnu","2025-09-12T10:57:19Z"
"spotify:track:1DLfR4MOfLYbV6v3xrmWa8","We Know","spotify:artist:4aXXDj9aZnlshx7mzj3W1N, spotify:artist:3twuAojvYNrlWZpMkxLm3P, spotify:artist:3cR4rhS2hBWqI7rJEBacvN, spotify:artist:6G3sPhnj4JBCsBVBGvZnkk","Lin-Manuel Miranda, Daveed Diggs, Leslie Odom Jr., Okieriete Onaodowan","spotify:album:1kCHru7uhxBUdzkm4gzRQc","Hamilton (Original Broadway Cast Recording)","spotify:artist:4aXXDj9aZnlshx7mzj3W1N","Lin-Manuel Miranda","2015-09-25","https://i.scdn.co/image/ab67616d0000b273d72fb5571087bca0a2fed008","2","12","142044","https://p.scdn.co/mp3-preview/489a713e6e970f5c3eebcf2d1236753cf88cfe6e?cid=9950ac751e34487dbbe027c4fd7f8e99","false","66","USAT21502630","spotify:user:314atdqt2mqodvfwqh357n4m7cnu","2025-09-12T10:57:45Z"
"spotify:track:3fuyYaLhZ2RoP9eWpvfP1H","A New Kind Of Love - Demo","spotify:artist:6MUyqmIQ35inLjch0YzIEG, spotify:artist:6Xb4ezwoAQC4516kI89nWz, spotify:artist:0uQWT7X0I9Y7zM7WWexpAj","Frou Frou, Imogen Heap, Guy Sigsworth","spotify:album:484SKRaXGq7m9VV0rmSyeb","A New Kind Of Love (Demo)","spotify:artist:6MUyqmIQ35inLjch0YzIEG, spotify:artist:6Xb4ezwoAQC4516kI89nWz, spotify:artist:0uQWT7X0I9Y7zM7WWexpAj","Frou Frou, Imogen Heap, Guy Sigsworth","2022-04-08","https://i.scdn.co/image/ab67616d0000b273d5f3de2d6bacdfe22f1f0d52","1","1","259071","https://p.scdn.co/mp3-preview/2e78eab497026dd5f344f7501f9c861f69a32f85?cid=9950ac751e34487dbbe027c4fd7f8e99","false","78","GBJPX2100355","spotify:user:314atdqt2mqodvfwqh357n4m7cnu","2025-09-12T10:58:38Z"
"spotify:track:0QMHVTnrFTQJoaqmkdsKhT","I Wish - Radio Edit","spotify:artist:55Pp4Ns5VfTSFsBraW7MQy","Skee-Lo","spotify:album:74QhQQa0lhpkOSrz9HXWyE","I Wish","spotify:artist:55Pp4Ns5VfTSFsBraW7MQy","Skee-Lo","1995-08-08","https://i.scdn.co/image/ab67616d0000b2735e2bca5e5a3f48064f2300be","1","2","252306","https://p.scdn.co/mp3-preview/0cdcf0c69ecb3adbed1e31f6274bc298d5f8a924?cid=9950ac751e34487dbbe027c4fd7f8e99","false","67","NLML61100033","spotify:user:314atdqt2mqodvfwqh357n4m7cnu","2025-09-12T10:59:04Z"
"spotify:track:1ilTP5XpDd7VvsJXDbNS9c","Good Old-Fashioned Lover Boy - Live On BBC Top Of The Pops / July 1977","spotify:artist:1dfeR4HaWDbWqFHLkxsg1d","Queen","spotify:album:4KZGe18wZJbXL6JLW4KyLc","A Day At The Races (Deluxe Edition 2011 Remaster)","spotify:artist:1dfeR4HaWDbWqFHLkxsg1d","Queen","1976-12-10","https://i.scdn.co/image/ab67616d0000b27367bc29c251c777361b17a190","2","4","171240","","false","40","GBUM71101070","spotify:user:314atdqt2mqodvfwqh357n4m7cnu","2025-09-12T10:59:11Z"
"spotify:track:5rc7178sa2YRDlBFBHY0e8","Stephanie","spotify:artist:59oBQlP5xoa5cfPkonNNnT","Nafeesisboujee","spotify:album:1FjwAt6Yo15vTeSvO5GeSk","Stephanie","spotify:artist:59oBQlP5xoa5cfPkonNNnT","Nafeesisboujee","2023-09-15","https://i.scdn.co/image/ab67616d0000b2733bda019c02edcbacd8b22417","1","1","126969","https://p.scdn.co/mp3-preview/2b5cb4959bbbeb5ab9b4419afa4a98ab27ef2898?cid=9950ac751e34487dbbe027c4fd7f8e99","true","80","QZTAX2316045","spotify:user:314atdqt2mqodvfwqh357n4m7cnu","2025-09-12T11:00:06Z"
"spotify:track:0JIMT9gzLIIz0esKLyjbKf","Telephones","spotify:artist:0U7iI0Dk4Ojvi17nZboNO4","Vacations","spotify:album:3Ull45eHLzGXtElhKHFJ7C","Changes","spotify:artist:0U7iI0Dk4Ojvi17nZboNO4","Vacations","2018","https://i.scdn.co/image/ab67616d0000b2732eb4d117b70ea7ac2c24e316","1","4","212432","","false","80","SEYOK1814657","spotify:user:314atdqt2mqodvfwqh357n4m7cnu","2025-09-12T11:00:19Z"
"spotify:track:348NF6vX0Yh22xvH0EZEro","NIGHT DANCER","spotify:artist:4TaSvnT5o4REFwhqfrmK27","imase","spotify:album:0qbkekB04QYsLqCX68e8Oy","NIGHT DANCER","spotify:artist:4TaSvnT5o4REFwhqfrmK27","imase","2022-08-19","https://i.scdn.co/image/ab67616d0000b273e2a3788f1a9dea9028099d4e","1","1","210948","","false","69","JPPO02202918","spotify:user:314atdqt2mqodvfwqh357n4m7cnu","2025-09-12T11:00:31Z"
"spotify:track:0MxPT9xJ89g4j0IleXXWwY","Love & Smiles - Sped Up","spotify:artist:7gcq03kJfgHiW2qPTwS6q1, spotify:artist:3njjFO9Dqt73ww33mCT8Ua","ay3demi, Keno Carter","spotify:album:3mamx2Wo06NSHTcOYprqXt","Love and Smiles","spotify:artist:7gcq03kJfgHiW2qPTwS6q1","ay3demi","2023-08-23","https://i.scdn.co/image/ab67616d0000b273aabf6b4d8119d9244e95ec4d","1","2","87910","https://p.scdn.co/mp3-preview/662239333a5f6f5a3961b9283929eeb37749d87d?cid=9950ac751e34487dbbe027c4fd7f8e99","false","57","QZRP52353369","spotify:user:314atdqt2mqodvfwqh357n4m7cnu","2025-09-12T11:00:40Z"
"spotify:track:53mChDyESfwn9Dz8poHRf6","Taking What's Not Yours","spotify:artist:0Y6dVaC9DZtPNH4591M42W","TV Girl","spotify:album:4oL7pMxnb04uuRI7ReXmuh","Who Really Cares","spotify:artist:0Y6dVaC9DZtPNH4591M42W","TV Girl","2016-02-25","https://i.scdn.co/image/ab67616d0000b27332f5fec7a879ed6ef28f0dfd","1","1","205650","https://p.scdn.co/mp3-preview/60a33f3f1d5e4efeabe41ca02ef22d3f16a7a2d9?cid=9950ac751e34487dbbe027c4fd7f8e99","false","78","USCGH1682127","spotify:user:314atdqt2mqodvfwqh357n4m7cnu","2025-09-12T11:01:15Z"
"spotify:track:0hta2Lb2zKJ7kEnAEZEE3G","Nope your too late i already died","spotify:artist:0TvvDswOgvPbgSPK2RDf62, spotify:artist:2kU94AZG0xEVKnOUKDbEfg","wifiskeleton, i wanna be a jack-o-lantern","spotify:album:16g3MJk9OmtNXwRrrPMPUK","suburban daredevil","spotify:artist:0TvvDswOgvPbgSPK2RDf62","wifiskeleton","2024-10-22","https://i.scdn.co/image/ab67616d0000b2730713102d7bb855a4796f7cdc","1","12","90067","https://p.scdn.co/mp3-preview/cd8cf70b1d15145265e43c0d9080d187473931d5?cid=9950ac751e34487dbbe027c4fd7f8e99","false","87","NL8RL2448015","spotify:user:314atdqt2mqodvfwqh357n4m7cnu","2025-09-13T06:24:22Z"
"spotify:track:3toXFhdNpH0Cs5vQkTrHQ3","Too Young to Die","spotify:artist:6J7biCazzYhU3gM9j1wfid","Jamiroquai","spotify:album:0SeTonJJPjy57LqiCDmeEM","Emergency on Planet Earth (Remastered)","spotify:artist:6J7biCazzYhU3gM9j1wfid","Jamiroquai","1993-06-14","https://i.scdn.co/image/ab67616d0000b273b6f13e40fbd883767da606bc","1","2","365733","https://p.scdn.co/mp3-preview/0c4135d1033011c66c7ad67be1ee49ecacf0a162?cid=9950ac751e34487dbbe027c4fd7f8e99","false","56","GBARL1201195","spotify:user:314atdqt2mqodvfwqh357n4m7cnu","2025-09-15T12:51:23Z"
"spotify:track:24SUWisv2lYQiB3bVpE1sn","Virtual Insanity","spotify:artist:6J7biCazzYhU3gM9j1wfid","Jamiroquai","spotify:album:0Jh7XIEQrNQAXm7a6hbJ1h","Pop Music: The Modern Era 1976-1999","spotify:artist:0LyfQWJT6nXafLPZqxe9Of","Various Artists","1999-10-11","https://i.scdn.co/image/ab67616d0000b2738e17f9583f2c3cb003a5b8f2","2","14","227840","https://p.scdn.co/mp3-preview/28da6162b06cb220ebdc84d12c02844f5d245799?cid=9950ac751e34487dbbe027c4fd7f8e99","false","64","GBBBL9600119","spotify:user:314atdqt2mqodvfwqh357n4m7cnu","2025-09-15T12:51:24Z"
"spotify:track:7aQjPecQdIuNd1sz3KCDhD","Lovefool","spotify:artist:1tqZaCwM57UFKjWoYwMLrw","The Cardigans","spotify:album:56vFkneGivqQcoNQq362iZ","First Band On The Moon (Remastered)","spotify:artist:1tqZaCwM57UFKjWoYwMLrw","The Cardigans","1996-01-01","https://i.scdn.co/image/ab67616d0000b2730aac8ca880151fda470e91af","1","7","193953","","false","82","SEBKB9629380","spotify:user:314atdqt2mqodvfwqh357n4m7cnu","2025-09-15T13:01:44Z"
"spotify:track:6y0Etr2KJr0sdcEp7ajoUK","Cosmic Girl - Remastered 2013","spotify:artist:6J7biCazzYhU3gM9j1wfid","Jamiroquai","spotify:album:4yrrPNjd9RcqnuDnoEhlER","Travelling Without Moving (Remastered)","spotify:artist:6J7biCazzYhU3gM9j1wfid","Jamiroquai","1996-09-09","https://i.scdn.co/image/ab67616d0000b2736407aa9a5e5215cf554ad5d1","1","2","244146","https://p.scdn.co/mp3-preview/99b77e06eadef8eb4c9892935438a36b4d4e5144?cid=9950ac751e34487dbbe027c4fd7f8e99","false","69","GBARL1201221","spotify:user:314atdqt2mqodvfwqh357n4m7cnu","2025-09-15T13:02:44Z"
"spotify:track:2bwxqGKS5GPXfNanAIRe2p","Seven Days in Sunny June","spotify:artist:6J7biCazzYhU3gM9j1wfid","Jamiroquai","spotify:album:0NDOtCzyOSoSXwENIWFvMW","Dynamite","spotify:artist:6J7biCazzYhU3gM9j1wfid","Jamiroquai","2005-06-15","https://i.scdn.co/image/ab67616d0000b273951fbcfd4b08a3a19f158ab5","1","3","237866","https://p.scdn.co/mp3-preview/1dada2a15fcfd7147011ebd4760f793be3537514?cid=9950ac751e34487dbbe027c4fd7f8e99","false","70","GBBBN0500206","spotify:user:314atdqt2mqodvfwqh357n4m7cnu","2025-09-15T13:06:04Z"
"spotify:track:2CsnpBAB8VQMTyPuws57ao","Huit octobre 1971","spotify:artist:7EhUXju6pssa8o3CvFJTew","Cortex","spotify:album:74DOWHisu2jlFvPid9YTGB","Troupeau bleu","spotify:artist:7EhUXju6pssa8o3CvFJTew","Cortex","1975-07-15","https://i.scdn.co/image/ab67616d0000b27347a51205061053303846cb79","1","9","266040","https://p.scdn.co/mp3-preview/3a309fb37f8c402294b82039a512a94d5a3d5fe6?cid=9950ac751e34487dbbe027c4fd7f8e99","false","58","FR59R1692439","spotify:user:314atdqt2mqodvfwqh357n4m7cnu","2025-09-15T12:57:41Z"
"spotify:track:3siwsiaEoU4Kuuc9WKMUy5","No One Noticed","spotify:artist:2sSGPbdZJkaSE2AbcGOACx","The Marías","spotify:album:03guxdOi12XJbnvxvxbpwG","Submarine","spotify:artist:2sSGPbdZJkaSE2AbcGOACx","The Marías","2024-05-31","https://i.scdn.co/image/ab67616d0000b273b19ac38a59cddd80da3cedcb","1","11","236906","https://p.scdn.co/mp3-preview/178ed09818736eb0056e3d53ccd2162a7d8bf886?cid=9950ac751e34487dbbe027c4fd7f8e99","false","89","USAT22307579","spotify:user:314atdqt2mqodvfwqh357n4m7cnu","2025-09-15T13:49:26Z"
"spotify:track:47oS7xB31QQUyPCgHpM3VZ","Canned Heat","spotify:artist:6J7biCazzYhU3gM9j1wfid","Jamiroquai","spotify:album:17XrgcYNbKz2oTNm6kwVwv","Synkronized","spotify:artist:6J7biCazzYhU3gM9j1wfid","Jamiroquai","1999-06-08","https://i.scdn.co/image/ab67616d0000b2734ccb64f022a53d3e8ec84a20","1","1","331760","https://p.scdn.co/mp3-preview/17bed183741cd92a306cc7b129514b972ba54c89?cid=9950ac751e34487dbbe027c4fd7f8e99","false","69","GBBBL9902068","spotify:user:314atdqt2mqodvfwqh357n4m7cnu","2025-09-15T14:18:13Z"
"spotify:track:4R4tfhmLBLzBQNmsvxArKZ","bipolar","spotify:artist:0TvvDswOgvPbgSPK2RDf62","wifiskeleton","spotify:album:6mTQHfKvNR9x20dTBLhgmJ","pony","spotify:artist:0TvvDswOgvPbgSPK2RDf62","wifiskeleton","2025-04-18","https://i.scdn.co/image/ab67616d0000b273b2d4d8c0c059cfe7be53a0ec","1","10","85250","https://p.scdn.co/mp3-preview/198814f1f2dca7256888144c395fab32e8d337cb?cid=9950ac751e34487dbbe027c4fd7f8e99","false","65","NL8RL2514264","spotify:user:314atdqt2mqodvfwqh357n4m7cnu","2025-09-19T09:44:19Z"
"spotify:track:0r9Gf89bXrhDgkDKNnJQJO","2008","spotify:artist:0TvvDswOgvPbgSPK2RDf62","wifiskeleton","spotify:album:6mTQHfKvNR9x20dTBLhgmJ","pony","spotify:artist:0TvvDswOgvPbgSPK2RDf62","wifiskeleton","2025-04-18","https://i.scdn.co/image/ab67616d0000b273b2d4d8c0c059cfe7be53a0ec","1","2","67879","https://p.scdn.co/mp3-preview/608c5e8388e1fa19cbf4c9afc0c7650878f06176?cid=9950ac751e34487dbbe027c4fd7f8e99","false","52","NL8RL2514272","spotify:user:314atdqt2mqodvfwqh357n4m7cnu","2025-09-19T09:44:22Z"
"spotify:track:4Lhxbhn7S6GbIptp2ixATL","sedated","spotify:artist:5zI4LODdVYwnKZHv4mDHRv","jaydes","spotify:album:34bayAIMD6AuIEk98t9x2Z","heartpacing","spotify:artist:5zI4LODdVYwnKZHv4mDHRv","jaydes","2022-08-14","https://i.scdn.co/image/ab67616d0000b27337a9e6f1702359be0df71c28","1","4","106671","https://p.scdn.co/mp3-preview/c5e198e79d7b12097a35f64d3b62b4ae9c12df67?cid=9950ac751e34487dbbe027c4fd7f8e99","true","62","QZNWR2295310","spotify:user:314atdqt2mqodvfwqh357n4m7cnu","2025-09-19T15:43:50Z"
"spotify:track:286uu9vYV996c1DBX7tvcj","south","spotify:artist:5zI4LODdVYwnKZHv4mDHRv","jaydes","spotify:album:2yyjLFg1O8GMv65O1068hU","south","spotify:artist:5zI4LODdVYwnKZHv4mDHRv","jaydes","2022-10-15","https://i.scdn.co/image/ab67616d0000b2732f106badeb3bfa5e45f260de","1","1","104025","https://p.scdn.co/mp3-preview/c21d9dd285e14133a448c77e94126ab9dd9d2b6e?cid=9950ac751e34487dbbe027c4fd7f8e99","true","61","QZTAT2259090","spotify:user:314atdqt2mqodvfwqh357n4m7cnu","2025-09-19T15:44:10Z"
"spotify:track:6kzxorDdmM8kHS21MDPhx5","Canned Heat - Remastered 2006","spotify:artist:6J7biCazzYhU3gM9j1wfid","Jamiroquai","spotify:album:3gm6ZS73n5yGZvWfq7CoLX","High Times: Singles 1992-2006","spotify:artist:6J7biCazzYhU3gM9j1wfid","Jamiroquai","2006-11-06","https://i.scdn.co/image/ab67616d0000b2731eccab770c074d1a087ef6ab","1","11","228040","https://p.scdn.co/mp3-preview/d98dcedf67b482a57ca008ff992db84593b32eb4?cid=9950ac751e34487dbbe027c4fd7f8e99","false","35","GBARL0601480","spotify:user:314atdqt2mqodvfwqh357n4m7cnu","2025-09-22T12:06:03Z"
"spotify:local:::Notorious-B-I-G-When-I-Die-I-Wanna-Go-To:148","Notorious-B-I-G-When-I-Die-I-Wanna-Go-To","","","","","","","","","0","0","148000","","false","0","","spotify:user:314atdqt2mqodvfwqh357n4m7cnu","2025-09-22T19:43:15Z"
"spotify:track:6qXGfKR1JHtH18PbT15k6F","BANANA SHAKE (SPED UP)","spotify:artist:23m7tUHLULVyBAAIYHbsgT","HUS","spotify:album:1vRxza3P5wbnqfieA27DAn","BANANA SHAKE (SPED UP)","spotify:artist:23m7tUHLULVyBAAIYHbsgT","HUS","2023-02-16","https://i.scdn.co/image/ab67616d0000b273bc769a5f37fdac6439f4a37a","1","1","279666","https://p.scdn.co/mp3-preview/02daa0e44de95abd7a080e667964a473bea740cc?cid=9950ac751e34487dbbe027c4fd7f8e99","false","59","KRA252300255","spotify:user:314atdqt2mqodvfwqh357n4m7cnu","2025-09-22T20:11:27Z"
"spotify:track:7oZMxikk5ISnp4pDjwtvQ7","Relaxed Scene","spotify:artist:5ooAHetwsdFoL1RaRcfDXG","James Clarke","spotify:album:1e2d38jAhV06cuOPKMADbb","Mystery Movie","spotify:artist:5ooAHetwsdFoL1RaRcfDXG","James Clarke","1976-01-01","https://i.scdn.co/image/ab67616d0000b273c8c0630072c1301bc8ae7a1f","1","15","97024","https://p.scdn.co/mp3-preview/35aced188680d6372467241dcee20ad25f7c0b0f?cid=9950ac751e34487dbbe027c4fd7f8e99","false","66","GBBHS7400063","spotify:user:314atdqt2mqodvfwqh357n4m7cnu","2025-09-22T20:13:21Z"
"spotify:track:4HZRy9Gbk0L5F5TOdQtUID","Prima Bossa Nova","spotify:artist:6awDb7INloFOQSYdJxvNoW","Anthony Mawer","spotify:album:6GWlhaFRvBU1f2WGHfIWfI","Bruton Vaults: Kitsch Lush Strings","spotify:artist:0LyfQWJT6nXafLPZqxe9Of","Various Artists","2015-10-30","https://i.scdn.co/image/ab67616d0000b27314d930814c991df2696883d7","1","9","168299","https://p.scdn.co/mp3-preview/5ecef9dfb5c48c0aacb7934730a96d6aa29d8325?cid=9950ac751e34487dbbe027c4fd7f8e99","false","40","USA2P1547237","spotify:user:314atdqt2mqodvfwqh357n4m7cnu","2025-09-22T20:13:45Z"
"spotify:track:5K9tfeoiztw94dyWzF39jq","moment","spotify:artist:31ijgiurmIPTNojkYQXdnl","Vierre Cloud","spotify:album:4FehFP4tVEFyT75LCTHl7m","moment","spotify:artist:31ijgiurmIPTNojkYQXdnl","Vierre Cloud","2019-12-19","https://i.scdn.co/image/ab67616d0000b273a4ce104e01d44ebc77dc7426","1","1","129543","https://p.scdn.co/mp3-preview/fdb219f869ef62ed3fde2cccbe1e73c797e5ae1c?cid=9950ac751e34487dbbe027c4fd7f8e99","false","68","QM42K1931856","spotify:user:314atdqt2mqodvfwqh357n4m7cnu","2025-09-22T20:15:05Z"
"spotify:local:::Yungatita-7-Weeks-3-Days:194","Yungatita-7-Weeks-3-Days","","","","","","","","","0","0","194000","","false","0","","spotify:user:314atdqt2mqodvfwqh357n4m7cnu","2025-09-22T20:15:46Z"
"spotify:local:::Knuckles-Chaotix-Door-into-Summer-Music:152","Knuckles-Chaotix-Door-into-Summer-Music","","","","","","","","","0","0","152000","","false","0","","spotify:user:314atdqt2mqodvfwqh357n4m7cnu","2025-09-22T20:15:47Z"
"spotify:local:::Wii-Party-Soundtrack-Main-Menu-Music:152","Wii-Party-Soundtrack-Main-Menu-Music","","","","","","","","","0","0","152000","","false","0","","spotify:user:314atdqt2mqodvfwqh357n4m7cnu","2025-09-22T20:15:49Z"
"spotify:track:6klFWv2xDGeTDoiKTtx4hg","Everyone Adores You (at least I do)","spotify:artist:12j6dJrPXanCBwY599pZxf","Matt Maltese","spotify:album:4eyBviSES0CZjUaipdnHku","Good Morning It's Now Tomorrow","spotify:artist:12j6dJrPXanCBwY599pZxf","Matt Maltese","2021-10-08","https://i.scdn.co/image/ab67616d0000b2736230a85a940c9eeccd588a5c","1","3","203133","https://p.scdn.co/mp3-preview/76bebd33517afed1da45c8da477ea80fda283842?cid=9950ac751e34487dbbe027c4fd7f8e99","false","73","CAN112100381","spotify:user:314atdqt2mqodvfwqh357n4m7cnu","2025-09-22T20:16:48Z"
"spotify:track:51Grh1RyUDcMBbpuyUIUHI","rises the moon","spotify:artist:5zVu34ozw0BzXIcNHqkO0u","Liana Flores","spotify:album:295qW3R6DSM1WfePwUpgux","recently","spotify:artist:5zVu34ozw0BzXIcNHqkO0u","Liana Flores","2019-04-10","https://i.scdn.co/image/ab67616d0000b2737e4192ad68817a0460a6fa71","1","1","161929","https://p.scdn.co/mp3-preview/8c17fd7d24c1f7fd551f7edc0f71054a9340fb3b?cid=9950ac751e34487dbbe027c4fd7f8e99","false","81","QZDA61986777","spotify:user:314atdqt2mqodvfwqh357n4m7cnu","2025-09-22T20:17:16Z"
"spotify:track:0UV5zxRMz6AO4ZwUOZNIKI","Where'd All the Time Go?","spotify:artist:4mLJ3XfOM5FPjSAWdQ2Jk7","Dr. Dog","spotify:album:16XswZ18xhMs8qUTN51mRl","Shame, Shame (Deluxe Edition)","spotify:artist:4mLJ3XfOM5FPjSAWdQ2Jk7","Dr. Dog","2010-11-02","https://i.scdn.co/image/ab67616d0000b2730478062bc04df0947d232fcb","1","5","234800","https://p.scdn.co/mp3-preview/7000261f94bf9cdb8158ebef1aabee6bc4df8c6b?cid=9950ac751e34487dbbe027c4fd7f8e99","false","79","USEP40937005","spotify:user:314atdqt2mqodvfwqh357n4m7cnu","2025-09-22T20:17:30Z"
"spotify:track:69U9VZEVaiUNtvf4mb8ess","i hear a symphony x pluto projector (electric guitar)","spotify:artist:7afQHCRMFIz6cryc5bSMPZ","emptiness","spotify:album:5e3kS88pXlFT4lSNfHpkJU","i hear a symphony x pluto projector (instrumental)","spotify:artist:7afQHCRMFIz6cryc5bSMPZ","emptiness","2024-01-08","https://i.scdn.co/image/ab67616d0000b273c1da182da589cc81e779a010","1","1","53929","https://p.scdn.co/mp3-preview/e1d886788965a56adb8fb217928acd57aeaa1034?cid=9950ac751e34487dbbe027c4fd7f8e99","false","50","USA2P2402351","spotify:user:314atdqt2mqodvfwqh357n4m7cnu","2025-09-22T20:19:34Z"
"spotify:track:4O77wY1h7eEwHwcvkL2n11","Here With Me - Instrumental","spotify:artist:4Je3PBRNHgEpiNgv90X5tV","Alhanii","spotify:album:59Gbk8LgrczubmvPWGjuoa","Here With Me (Instrumental)","spotify:artist:4Je3PBRNHgEpiNgv90X5tV","Alhanii","2024-03-29","https://i.scdn.co/image/ab67616d0000b273c8c08daa13448c483635f387","1","1","233639","https://p.scdn.co/mp3-preview/1c4bb45c6d7f1c5195164fabcf53af1cd362473e?cid=9950ac751e34487dbbe027c4fd7f8e99","false","26","GX8LD2449977","spotify:user:314atdqt2mqodvfwqh357n4m7cnu","2025-09-22T20:19:37Z"
"spotify:track:5eNlV1bKbo1ElXD0Rg2iIv","pluto projector (melody)","spotify:artist:7afQHCRMFIz6cryc5bSMPZ","emptiness","spotify:album:250XHdsTAjVkJLMJCpjyHM","pluto projector (instrumental)","spotify:artist:7afQHCRMFIz6cryc5bSMPZ","emptiness","2024-01-08","https://i.scdn.co/image/ab67616d0000b273a38b64918dd242c44a2802f2","1","4","71168","https://p.scdn.co/mp3-preview/51fa2288b7f29a1c09427be6c6f067c2a3f9a7a5?cid=9950ac751e34487dbbe027c4fd7f8e99","false","55","USA2P2400164","spotify:user:314atdqt2mqodvfwqh357n4m7cnu","2025-09-22T20:19:39Z"
"spotify:track:6puhdS8hZGcy38lvnixSm7","hysteric","spotify:artist:5zI4LODdVYwnKZHv4mDHRv","jaydes","spotify:album:3DxY8J0zA1ZOzvmitXZPVQ","Count Up Dracula","spotify:artist:5zI4LODdVYwnKZHv4mDHRv","jaydes","2024-07-19","https://i.scdn.co/image/ab67616d0000b2733df66ea6e43b2762ed28cca5","1","10","106639","https://p.scdn.co/mp3-preview/d15dcf2dc0e19d9fed4371efafff3b53e001b4cb?cid=9950ac751e34487dbbe027c4fd7f8e99","false","68","QZJ842401938","spotify:user:314atdqt2mqodvfwqh357n4m7cnu","2025-09-23T12:58:05Z"
"spotify:track:4u7EnebtmKWzUH433cf5Qv","Bohemian Rhapsody - Remastered 2011","spotify:artist:1dfeR4HaWDbWqFHLkxsg1d","Queen","spotify:album:1GbtB4zTqAsyfZEsm1RZfx","A Night At The Opera (2011 Remaster)","spotify:artist:1dfeR4HaWDbWqFHLkxsg1d","Queen","1975-11-21","https://i.scdn.co/image/ab67616d0000b273e319baafd16e84f0408af2a0","1","11","354320","","false","81","GBUM71029604","spotify:user:314atdqt2mqodvfwqh357n4m7cnu","2025-09-23T13:00:33Z"
"spotify:track:5T8EDUDqKcs6OSOwEsfqG7","Don't Stop Me Now - Remastered 2011","spotify:artist:1dfeR4HaWDbWqFHLkxsg1d","Queen","spotify:album:2yuTRGIackbcReLUXOYBqU","Jazz (2011 Remaster)","spotify:artist:1dfeR4HaWDbWqFHLkxsg1d","Queen","1978-11-10","https://i.scdn.co/image/ab67616d0000b2737c39dd133836c2c1c87e34d6","1","12","209413","","false","82","GBUM71029610","spotify:user:314atdqt2mqodvfwqh357n4m7cnu","2025-09-23T13:01:08Z"
"spotify:track:28487fkXVQa2e6F2z73CBO","Dynasties & Dystopia (from the series Arcane League of Legends)","spotify:artist:6fxyWrfmjcbj5d12gXeiNV, spotify:artist:0xukYGKRRwBWS1N9sfCQoq, spotify:artist:4vZ5UD5pIliRPSdHHj9EUp, spotify:artist:57nPqD7z62gDdq37US9XJR, spotify:artist:47mIJdHORyRerp4os813jD","Denzel Curry, Gizzle, Bren Joy, Arcane, League of Legends","spotify:album:3l2cEVlSiNrjnPLfPwzvnR","Dynasties & Dystopia (from the series Arcane League of Legends)","spotify:artist:6fxyWrfmjcbj5d12gXeiNV, spotify:artist:0xukYGKRRwBWS1N9sfCQoq, spotify:artist:4vZ5UD5pIliRPSdHHj9EUp","Denzel Curry, Gizzle, Bren Joy","2021-11-20","https://i.scdn.co/image/ab67616d0000b273066d6510ec1d62cd1f55153a","1","1","178080","https://p.scdn.co/mp3-preview/0e1ec79227291e287dfa66e610273fe30f75a448?cid=9950ac751e34487dbbe027c4fd7f8e99","false","67","QZH6S1900390","spotify:user:314atdqt2mqodvfwqh357n4m7cnu","2025-09-23T14:31:52Z"
"spotify:local:::Confession+knock+off:168","Confession knock off","","","","","","","","","0","0","168000","","false","0","","spotify:user:314atdqt2mqodvfwqh357n4m7cnu","2025-09-23T20:00:14Z"
"spotify:track:7KV7xwHTJbzbwGQEHLIzR8","Christmas Kids","spotify:artist:7dIpKWlEeAljA20vFJ82RD","Roar","spotify:album:0YjOnBY0FRufcmNBTzWTgX","I Can't Handle Change","spotify:artist:7dIpKWlEeAljA20vFJ82RD","Roar","2010-03-14","https://i.scdn.co/image/ab67616d0000b2737ffa4709d9debeacb9723a56","1","5","135693","https://p.scdn.co/mp3-preview/940d30267f09bf21cf45fd62123c97d7c082fe8a?cid=9950ac751e34487dbbe027c4fd7f8e99","true","72","USHM81020599","spotify:user:314atdqt2mqodvfwqh357n4m7cnu","2025-09-25T14:24:23Z"
"spotify:track:4Ckcq1J3LMce0eAtRXDD0h","sorry i killed her.","spotify:artist:4F5j57znw5bPFjrZzXfDNt, spotify:artist:3WUqGdcFJJquJgCPkEzCfs","kaysnoto, overtonight","spotify:album:2fLROaTxx2nER90WsmvwJU","sorry i killed her.","spotify:artist:4F5j57znw5bPFjrZzXfDNt, spotify:artist:3WUqGdcFJJquJgCPkEzCfs","kaysnoto, overtonight","2025-01-08","https://i.scdn.co/image/ab67616d0000b2737af9282fc169aed9eba4a7bd","1","1","100449","https://p.scdn.co/mp3-preview/2499ca33b3f04c967cdff4944cb0292b07a095bf?cid=9950ac751e34487dbbe027c4fd7f8e99","true","2","QZS632572755","spotify:user:314atdqt2mqodvfwqh357n4m7cnu","2025-09-25T14:24:28Z"
"spotify:track:3leu1nNYW1IrYv8s9v5cQR","CYBER KUJACKER STAGE","spotify:artist:3w1Q754jb31h5CXQCcnLNL","Capcom Sound Team","spotify:album:0anAKTAxuvO6yY7ufBv23C","MEGA MAN X4 SOUND COLLECTION","spotify:artist:3w1Q754jb31h5CXQCcnLNL","Capcom Sound Team","2013","https://i.scdn.co/image/ab67616d0000b27347fe86d6ed6f71bb6981456e","1","9","153333","https://p.scdn.co/mp3-preview/3e368af04fa74f2ac7b6890bef169b2b7a6d99ab?cid=9950ac751e34487dbbe027c4fd7f8e99","false","0","JPE100302890","spotify:user:314atdqt2mqodvfwqh357n4m7cnu","2025-09-25T16:43:29Z"
"spotify:track:7AH9Fmka4of4Y25lfhvBUC","Shut Me Up","spotify:artist:5R5MLOQbI4lb7GHYioPqoN","Mindless Self Indulgence","spotify:album:2USBaGZAYPwgfzAjM0OBeC","You'll Rebel To Anything (Expanded and Remastered 2008)","spotify:artist:5R5MLOQbI4lb7GHYioPqoN","Mindless Self Indulgence","2008-01-22","https://i.scdn.co/image/ab67616d0000b2732262b75046d76cef09342e08","1","1","168533","https://p.scdn.co/mp3-preview/6cbf00e3feaa4a9bef6e97e16d7a069b4f1f026f?cid=9950ac751e34487dbbe027c4fd7f8e99","true","57","US68L0500001","spotify:user:314atdqt2mqodvfwqh357n4m7cnu","2025-09-25T16:44:29Z"
"spotify:track:5Jh7Gc5aF6leolD64pNRD5","mirrors demo","spotify:artist:5d1xapXUqUmq0CpozCAhr7, spotify:artist:3WUqGdcFJJquJgCPkEzCfs","overtonight throwaways, overtonight","spotify:album:4D9FbyngDN1YQM7otNAu1a","SWAT","spotify:artist:5d1xapXUqUmq0CpozCAhr7","overtonight throwaways","2025-07-29","https://i.scdn.co/image/ab67616d0000b2733b3c6a19025a3faa184b41a2","1","6","105437","https://p.scdn.co/mp3-preview/4a61993cdf8784d1bc1e051bcf0458f66b5cd3b4?cid=9950ac751e34487dbbe027c4fd7f8e99","true","74","USUYG1747871","spotify:user:314atdqt2mqodvfwqh357n4m7cnu","2025-09-25T16:54:47Z"
"spotify:track:6yZzK6O3NRSv5TxcQMFmX3","they'll post it online","spotify:artist:3WUqGdcFJJquJgCPkEzCfs","overtonight","spotify:album:2wVlRXuhfGaHp4vBskI9MG","it's over tonight.","spotify:artist:3WUqGdcFJJquJgCPkEzCfs","overtonight","2025-06-06","https://i.scdn.co/image/ab67616d0000b2731ccc163e0d018ea32b132db2","1","7","90231","https://p.scdn.co/mp3-preview/cbcecc745850fb90faafa0009a79d6d1b5a71c94?cid=9950ac751e34487dbbe027c4fd7f8e99","true","60","USUYG1728195","spotify:user:314atdqt2mqodvfwqh357n4m7cnu","2025-09-25T16:55:10Z"
"spotify:track:7BRIHKjWdU4vMxF5M2UoJ1","comfort song 4 u","spotify:artist:3WUqGdcFJJquJgCPkEzCfs","overtonight","spotify:album:2wVlRXuhfGaHp4vBskI9MG","it's over tonight.","spotify:artist:3WUqGdcFJJquJgCPkEzCfs","overtonight","2025-06-06","https://i.scdn.co/image/ab67616d0000b2731ccc163e0d018ea32b132db2","1","6","127220","https://p.scdn.co/mp3-preview/e8acc10874879befdab25e85cc98e2fbdf7716e5?cid=9950ac751e34487dbbe027c4fd7f8e99","true","57","USUYG1726751","spotify:user:314atdqt2mqodvfwqh357n4m7cnu","2025-09-25T16:55:17Z"
"spotify:track:7xyM6OqZmuk4ZiNMVrhx2M","shotgun.","spotify:artist:3WUqGdcFJJquJgCPkEzCfs","overtonight","spotify:album:2a0uqOqdhvgeWZ7p5DPU1P","shotgun.","spotify:artist:3WUqGdcFJJquJgCPkEzCfs","overtonight","2025-09-09","https://i.scdn.co/image/ab67616d0000b273681fbc9d87e5d2b3ee26b2a1","1","1","111904","https://p.scdn.co/mp3-preview/4af6557d3aa2521b8f20c3d345e121d9f215ca6a?cid=9950ac751e34487dbbe027c4fd7f8e99","true","63","USUYG1756605","spotify:user:314atdqt2mqodvfwqh357n4m7cnu","2025-09-25T16:55:37Z"
"spotify:track:7KVvGiIpMTWQWVsNiymnHS","twenty four","spotify:artist:3WUqGdcFJJquJgCPkEzCfs","overtonight","spotify:album:25MuieUa0qbHL2tekJj6R0","deleted.","spotify:artist:3WUqGdcFJJquJgCPkEzCfs","overtonight","2025-07-16","https://i.scdn.co/image/ab67616d0000b273b6903a32f61cb6149d0ff12b","1","1","125177","https://p.scdn.co/mp3-preview/c84e0a376e4981bc966238dbf483ab6410d34bff?cid=9950ac751e34487dbbe027c4fd7f8e99","true","60","USUYG1744848","spotify:user:314atdqt2mqodvfwqh357n4m7cnu","2025-09-25T16:55:54Z"
"spotify:track:0Yfpc5zHc9pElVCQ1bPlF4","This Love","spotify:artist:14pVkFUHDL207LzLHtSA18","Pantera","spotify:album:7kW0cpKgSVsEqcc8xgbSb0","Vulgar Display of Power","spotify:artist:14pVkFUHDL207LzLHtSA18","Pantera","1992-02-21","https://i.scdn.co/image/ab67616d0000b273347c0a40c1e3f0c890a6d9d6","1","5","393706","https://p.scdn.co/mp3-preview/91b25a5fc025e15090a0b47c1869eccab496ffae?cid=9950ac751e34487dbbe027c4fd7f8e99","true","71","USEE10170090","spotify:user:314atdqt2mqodvfwqh357n4m7cnu","2025-09-25T18:45:26Z"
"spotify:track:2t7B8DDBgLbMcYVMTo8vd5","Seven Minutes in Heaven","spotify:artist:5R5MLOQbI4lb7GHYioPqoN","Mindless Self Indulgence","spotify:album:1EKVMKNNAOROOmoupP5OwS","MSI B-SIDES vol.1","spotify:artist:5R5MLOQbI4lb7GHYioPqoN","Mindless Self Indulgence","2024-06-15","https://i.scdn.co/image/ab67616d0000b273888e64eb7975dc754e6a729c","1","4","133979","https://p.scdn.co/mp3-preview/f35a474ece5feb45d6057c2604bcf0e25b5f0d37?cid=9950ac751e34487dbbe027c4fd7f8e99","true","77","QZNWX2434220","spotify:user:314atdqt2mqodvfwqh357n4m7cnu","2025-09-26T19:31:37Z"
"spotify:track:7wwLxmUVLCfySaJ0fdyelI","Bitches","spotify:artist:5R5MLOQbI4lb7GHYioPqoN","Mindless Self Indulgence","spotify:album:4Ii2BtJDsrOXL8EkrLvzAm","Frankenstein Girls Will Seem Strangely Sexy","spotify:artist:5R5MLOQbI4lb7GHYioPqoN","Mindless Self Indulgence","2000-02-11","https://i.scdn.co/image/ab67616d0000b2736d0186f5ba84de05d6e6f2ab","1","2","165693","https://p.scdn.co/mp3-preview/b8734c44c230afac7ca3964d984375c06f751414?cid=9950ac751e34487dbbe027c4fd7f8e99","true","68","USEE19900304","spotify:user:314atdqt2mqodvfwqh357n4m7cnu","2025-09-26T19:31:49Z"
"spotify:track:6ZJKiScaIdJ70XVKq5K73m","This Hurts","spotify:artist:5R5MLOQbI4lb7GHYioPqoN","Mindless Self Indulgence","spotify:album:7rG4vuycKANcRMivzlkpuD","PINK","spotify:artist:5R5MLOQbI4lb7GHYioPqoN","Mindless Self Indulgence","2015-09-18","https://i.scdn.co/image/ab67616d0000b2736fa2486e8183886fb4eeca30","1","2","141373","https://p.scdn.co/mp3-preview/1e4fbd0941a94f7c68f7e9a89c1d515d742798b5?cid=9950ac751e34487dbbe027c4fd7f8e99","false","67","US57M1599902","spotify:user:314atdqt2mqodvfwqh357n4m7cnu","2025-09-26T19:31:55Z"
"spotify:track:7L7AJb57lJH6YpnANgCDO6","Lights Out","spotify:artist:5R5MLOQbI4lb7GHYioPqoN","Mindless Self Indulgence","spotify:album:7oCdAqjucwIz7ToQGOV20P","If","spotify:artist:5R5MLOQbI4lb7GHYioPqoN","Mindless Self Indulgence","2008-04-29","https://i.scdn.co/image/ab67616d0000b273ea5c6ae7cde0e306c58a5e41","1","3","157240","https://p.scdn.co/mp3-preview/6c7e924b64d92aed6e58d2d1d46bf08c6a52f1eb?cid=9950ac751e34487dbbe027c4fd7f8e99","false","68","US2420809918","spotify:user:314atdqt2mqodvfwqh357n4m7cnu","2025-09-26T19:31:56Z"
"spotify:track:5abubE0dYFaEPDeM2sZ4TY","What Do They Know?","spotify:artist:5R5MLOQbI4lb7GHYioPqoN","Mindless Self Indulgence","spotify:album:4fIVLcTjPnagYnDmTivhiY","You'll Rebel to Anything (Expanded and Remastered 2008)","spotify:artist:5R5MLOQbI4lb7GHYioPqoN","Mindless Self Indulgence","2005","https://i.scdn.co/image/ab67616d0000b27386bddc6359ffef0f9c51e56e","1","4","188573","https://p.scdn.co/mp3-preview/7c85659977e7ea421cda142b570e08e7bfad9f9e?cid=9950ac751e34487dbbe027c4fd7f8e99","false","66","US68L0500006","spotify:user:314atdqt2mqodvfwqh357n4m7cnu","2025-09-26T19:32:02Z"
"spotify:track:16xCWV37AMhm9x5RtaoEyk","For the Love of God","spotify:artist:5R5MLOQbI4lb7GHYioPqoN","Mindless Self Indulgence","spotify:album:7rG4vuycKANcRMivzlkpuD","PINK","spotify:artist:5R5MLOQbI4lb7GHYioPqoN","Mindless Self Indulgence","2015-09-18","https://i.scdn.co/image/ab67616d0000b2736fa2486e8183886fb4eeca30","1","13","133146","https://p.scdn.co/mp3-preview/91400bd0e3e2e5e7a0f864a934e9a969e173c186?cid=9950ac751e34487dbbe027c4fd7f8e99","false","65","US57M1599913","spotify:user:314atdqt2mqodvfwqh357n4m7cnu","2025-10-01T08:36:45Z"
"spotify:track:1vOdNMCzhbdz2tMQJYsHJB","Never Wanted To Dance","spotify:artist:5R5MLOQbI4lb7GHYioPqoN","Mindless Self Indulgence","spotify:album:7oCdAqjucwIz7ToQGOV20P","If","spotify:artist:5R5MLOQbI4lb7GHYioPqoN","Mindless Self Indulgence","2008-04-29","https://i.scdn.co/image/ab67616d0000b273ea5c6ae7cde0e306c58a5e41","1","1","188960","https://p.scdn.co/mp3-preview/8fb8e38a0094e98704099c2b637d46003717b132?cid=9950ac751e34487dbbe027c4fd7f8e99","true","64","US2420809916","spotify:user:314atdqt2mqodvfwqh357n4m7cnu","2025-10-01T08:37:26Z"
"spotify:track:4ZHGRFGwjnEIXHG2FhcDPv","I Hear a Symphony","spotify:artist:7dOCnyDR2oEa1hQlvTXvdT","Cody Fry","spotify:album:2gM39a0pG4TMzkb1ExkqgT","Flying","spotify:artist:7dOCnyDR2oEa1hQlvTXvdT","Cody Fry","2017-10-06","https://i.scdn.co/image/ab67616d0000b273ae2fcfd361e13fd65a47363e","1","14","185176","","false","67","TCADG1749527","spotify:user:314atdqt2mqodvfwqh357n4m7cnu","2025-10-01T13:07:23Z"
"spotify:track:2SZ0J5E6gwlxx1mF4pKGFA","i hear a symphony x pluto projector - slowed + reverb","spotify:artist:5ENhy70PiA8QzfghaFQ7Ey, spotify:artist:4xEsDLdD6DgtKhlCCJq4Ri, spotify:artist:1LbQ66B9mZIHGhjRu9fvKo","slō, twilight, Tazzy","spotify:album:0Fxf3okSSbAm45G4gCjW3s","i hear a symphony x pluto projector - slowed + reverb","spotify:artist:5ENhy70PiA8QzfghaFQ7Ey, spotify:artist:4xEsDLdD6DgtKhlCCJq4Ri, spotify:artist:1LbQ66B9mZIHGhjRu9fvKo","slō, twilight, Tazzy","2023-02-08","https://i.scdn.co/image/ab67616d0000b2732b51e1dae01f8bf319740cc5","1","1","204866","https://p.scdn.co/mp3-preview/3b91bc029aebcfd31c713b7255630e347c221c8f?cid=9950ac751e34487dbbe027c4fd7f8e99","false","21","GX8KD2316903","spotify:user:314atdqt2mqodvfwqh357n4m7cnu","2025-10-03T12:10:30Z"
"spotify:track:6786wQ6hLGYDqIcl0x2Nmk","Take A Drive","spotify:artist:7pbDxGE6nQSZVfiFdq9lOL","Rex Orange County","spotify:album:3fdCAIvFKpHTHZ3QPtpe0a","Take A Drive","spotify:artist:7pbDxGE6nQSZVfiFdq9lOL","Rex Orange County","2025-09-09","https://i.scdn.co/image/ab67616d0000b27333c9358e63089e6a16c716e7","1","1","225000","https://p.scdn.co/mp3-preview/6e6a6f56e61542f6dfd80574d45d1cd9bf27b319?cid=9950ac751e34487dbbe027c4fd7f8e99","false","66","CBEFB2501256","spotify:user:314atdqt2mqodvfwqh357n4m7cnu","2025-10-04T12:16:57Z"
"spotify:track:5CQ30WqJwcep0pYcV4AMNc","Stairway to Heaven - Remaster","spotify:artist:36QJpDe2go2KgaRleHCDTp","Led Zeppelin","spotify:album:44Ig8dzqOkvkGDzaUof9lK","Led Zeppelin IV (Deluxe Edition)","spotify:artist:36QJpDe2go2KgaRleHCDTp","Led Zeppelin","1971-11-08","https://i.scdn.co/image/ab67616d0000b273c8a11e48c91a982d086afc69","1","4","482830","https://p.scdn.co/mp3-preview/337c8d45ac66899bc2db9ef3ed9438fe1d035ab1?cid=9950ac751e34487dbbe027c4fd7f8e99","false","79","USAT21300959","spotify:user:314atdqt2mqodvfwqh357n4m7cnu","2025-10-04T14:38:43Z"
"spotify:track:4g4Tbd4GJWod3DqfkiXtgC","Sir, This Is A Cutthroat Fashion","spotify:artist:1QywY8Wu8fwOk929Rs4uAd","Her Words Kill","spotify:album:3iSvZtc24vByAVJb1i2IaX","Load My Revolver, Baby","spotify:artist:1QywY8Wu8fwOk929Rs4uAd","Her Words Kill","2005-12-01","https://i.scdn.co/image/ab67616d0000b273e76646aace728931641c5468","1","5","320000","https://p.scdn.co/mp3-preview/8f51d565c195fb3bdeff8d3784f45b9833663a11?cid=9950ac751e34487dbbe027c4fd7f8e99","false","65","GX3Q92307915","spotify:user:314atdqt2mqodvfwqh357n4m7cnu","2025-10-05T20:09:58Z"
"spotify:track:3z9OnsnvM6SFN2dzrSDdVO","Love Like You (feat. Rebecca Sugar) - End Credits","spotify:artist:4rF7c8zpCKzuSXohs2HIpA, spotify:artist:6Pd7FRVtwNxFsQIkDMpLGz","Steven Universe, Rebecca Sugar","spotify:album:5MAx9iJP58ErRpSUdrV1Uk","Steven Universe, Vol. 1 (Original Soundtrack)","spotify:artist:4rF7c8zpCKzuSXohs2HIpA","Steven Universe","2017-06-02","https://i.scdn.co/image/ab67616d0000b273e18ff29a2fe8e9c0df309fa6","1","37","143629","https://p.scdn.co/mp3-preview/000c8ff7ab3f40e1126084e68a0440866ae9a10b?cid=9950ac751e34487dbbe027c4fd7f8e99","false","73","TCADA1768019","spotify:user:314atdqt2mqodvfwqh357n4m7cnu","2025-10-07T09:38:59Z"
"spotify:track:21LkHnuxPxVrOZ5gCaG7aM","Birds Dont Sing","spotify:artist:0Y6dVaC9DZtPNH4591M42W","TV Girl","spotify:album:4Hai0uVzRbyTSaTPzxTY4e","French Exit","spotify:artist:0Y6dVaC9DZtPNH4591M42W","TV Girl","2014-06-05","https://i.scdn.co/image/ab67616d0000b273e1bc1af856b42dd7fdba9f84","1","2","209346","https://p.scdn.co/mp3-preview/ccab5b3c1897b03ce1c52ccfff946f26c1fe7d18?cid=9950ac751e34487dbbe027c4fd7f8e99","false","70","USHM21438136","spotify:user:314atdqt2mqodvfwqh357n4m7cnu","2025-10-07T09:41:39Z"
"spotify:track:4nwjvcUjV7cexhwA40Bh5i","Lover Girl","spotify:artist:7gW0r5CkdEUMm42w9XpyZO","Laufey","spotify:album:5rMOCuiWWbEBcHaKM69Hmv","A Matter of Time","spotify:artist:7gW0r5CkdEUMm42w9XpyZO","Laufey","2025-08-22","https://i.scdn.co/image/ab67616d0000b2738f68f6e65c1cfd36bb21561c","1","2","164400","https://p.scdn.co/mp3-preview/3c24dfde787b8d1eb1a7142da7024c2ee1e856f0?cid=9950ac751e34487dbbe027c4fd7f8e99","false","79","QM6N22553527","spotify:user:314atdqt2mqodvfwqh357n4m7cnu","2025-10-08T14:40:07Z"
"spotify:track:69Py3iZNKdB78HZH9STGrS","Basics in Behavior - Blue Version (Instrumental)","spotify:artist:0I6yADrmeyvw66g7yjkqIF","The Living Tombstone","spotify:album:0v0GqNMfLWT5lQUa23U4mq","Basics in Behavior (Blue Version)","spotify:artist:0I6yADrmeyvw66g7yjkqIF","The Living Tombstone","2018-07-05","https://i.scdn.co/image/ab67616d0000b2732e4b34c9e50a697f7638346d","1","2","237809","https://p.scdn.co/mp3-preview/32cc56b119c42a8b91a1589e7a832442fd078707?cid=9950ac751e34487dbbe027c4fd7f8e99","false","40","QZDA61801637","spotify:user:314atdqt2mqodvfwqh357n4m7cnu","2025-10-09T12:16:20Z"
"spotify:track:6xqJ0XqDM9dVEW1jbm78wB","Discord","spotify:artist:0I6yADrmeyvw66g7yjkqIF, spotify:artist:2uDaDi5TsgEtUBCPRx7mlp","The Living Tombstone, Eurobeat Brony","spotify:album:0kMgXthMfQQn3XvuhWKDBO","Discord","spotify:artist:0I6yADrmeyvw66g7yjkqIF, spotify:artist:2uDaDi5TsgEtUBCPRx7mlp","The Living Tombstone, Eurobeat Brony","2012-01-21","https://i.scdn.co/image/ab67616d0000b2730258584fffca13b547ec4f8c","1","1","193776","https://p.scdn.co/mp3-preview/19ab3f579e0824249ac806198f3b0ce65730e788?cid=9950ac751e34487dbbe027c4fd7f8e99","false","68","QZHNB1988493","spotify:user:314atdqt2mqodvfwqh357n4m7cnu","2025-10-09T12:27:33Z"
"spotify:track:463r5bsN1VqGXtaMctn4Rr","It's Been So Long","spotify:artist:0I6yADrmeyvw66g7yjkqIF","The Living Tombstone","spotify:album:14kh9qb1ZnqAFnshjFS4vO","It's Been So Long","spotify:artist:0I6yADrmeyvw66g7yjkqIF","The Living Tombstone","2014-12-04","https://i.scdn.co/image/ab67616d0000b27348f2c49dcf2c569511c4a8d2","1","1","174394","https://p.scdn.co/mp3-preview/c8e969030a5e9881ce2f149516f79f22cd77998e?cid=9950ac751e34487dbbe027c4fd7f8e99","false","73","USDHM1513724","spotify:user:314atdqt2mqodvfwqh357n4m7cnu","2025-10-09T12:27:40Z"
"spotify:track:5ZXvCHbKFP2uIoCyXF30xI","I Can't Fix You (feat. Crusher-P)","spotify:artist:0I6yADrmeyvw66g7yjkqIF, spotify:artist:0gnBpQrAfWy73XpB4ZZZYX","The Living Tombstone, Crusher-P","spotify:album:7KX3MnL7hxzfnIuMSRY0IA","I Can't Fix You","spotify:artist:0I6yADrmeyvw66g7yjkqIF","The Living Tombstone","2016-12-10","https://i.scdn.co/image/ab67616d0000b273a813d83f9979102318ed35dd","1","1","278742","https://p.scdn.co/mp3-preview/2d28a5a0323746ad9ee15047d2a163dc1d825513?cid=9950ac751e34487dbbe027c4fd7f8e99","false","67","QZ4JJ1658471","spotify:user:314atdqt2mqodvfwqh357n4m7cnu","2025-10-09T12:27:43Z"
"spotify:track:38TpUKiHQZyBKiD9LMMy6X","Beautiful Stranger","spotify:artist:7gW0r5CkdEUMm42w9XpyZO","Laufey","spotify:album:0Ydm84ftyiWRGOIFkdl30L","Everything I Know About Love","spotify:artist:7gW0r5CkdEUMm42w9XpyZO","Laufey","2022-08-26","https://i.scdn.co/image/ab67616d0000b27348341e864d4b4881f56f01b4","1","2","201266","https://p.scdn.co/mp3-preview/59685ff1bba7c1122c9892c317b6ebde70376a2a?cid=9950ac751e34487dbbe027c4fd7f8e99","false","65","GBKPL2298390","spotify:user:314atdqt2mqodvfwqh357n4m7cnu","2025-10-14T21:44:01Z"
"spotify:track:5WhtlIoxoZrMmuaWWEQhwV","Undone - The Sweater Song","spotify:artist:3jOstUTkEu2JkjvRdBA5Gu","Weezer","spotify:album:1xpGyKyV26uPstk1Elgp9Q","Weezer","spotify:artist:3jOstUTkEu2JkjvRdBA5Gu","Weezer","1994-05-10","https://i.scdn.co/image/ab67616d0000b273345536847e60f622ee0eae96","1","5","305533","","false","71","USGF19962905","spotify:user:314atdqt2mqodvfwqh357n4m7cnu","2025-10-16T13:23:41Z"
"spotify:track:70LcF31zb1H0PyJoS1Sx1r","Creep","spotify:artist:4Z8W4fKeB5YxbusRsdQVPb","Radiohead","spotify:album:3gBVdu4a1MMJVMy6vwPEb8","Pablo Honey","spotify:artist:4Z8W4fKeB5YxbusRsdQVPb","Radiohead","1993-02-22","https://i.scdn.co/image/ab67616d0000b273ec548c00d3ac2f10be73366d","1","2","238640","https://p.scdn.co/mp3-preview/f3d864283774529a2378100c912bfacb614db751?cid=9950ac751e34487dbbe027c4fd7f8e99","true","91","GBAYE9200070","spotify:user:314atdqt2mqodvfwqh357n4m7cnu","2025-10-16T18:52:13Z"
"spotify:track:2fuYa3Lx06QQJAm0MjztKr","Let Down","spotify:artist:4Z8W4fKeB5YxbusRsdQVPb","Radiohead","spotify:album:6dVIqQ8qmQ5GBnJ9shOYGE","OK Computer","spotify:artist:4Z8W4fKeB5YxbusRsdQVPb","Radiohead","1997-05-28","https://i.scdn.co/image/ab67616d0000b273c8b444df094279e70d0ed856","1","5","299560","https://p.scdn.co/mp3-preview/d47a5b024207667a80dc36b5852bf851d2f35773?cid=9950ac751e34487dbbe027c4fd7f8e99","false","88","GBAYE9701374","spotify:user:314atdqt2mqodvfwqh357n4m7cnu","2025-10-16T18:52:19Z"
"spotify:track:36TbBJ7mLPOZMAYs0p4mxb","Mary","spotify:artist:6lcwlkAjBPSKnFBZjjZFJs","Alex G","spotify:album:2Vg8YkTkuG4Y9MD4hB4KNN","Trick","spotify:artist:6lcwlkAjBPSKnFBZjjZFJs","Alex G","2012-11-05","https://i.scdn.co/image/ab67616d0000b2737d6e8fcbb65970a5329b6ef2","1","11","197733","https://p.scdn.co/mp3-preview/70300b7cbdf5973a9118798dbd091a1bdf57cf66?cid=9950ac751e34487dbbe027c4fd7f8e99","true","70","GBJET1400056","spotify:user:314atdqt2mqodvfwqh357n4m7cnu","2025-10-22T18:25:00Z"
"spotify:track:2vzbU9nlpIMYxlt0FucOHi","&","spotify:artist:7lqaPghwYv2mE9baz5XQmL","Tally Hall","spotify:album:2Vq0Y8wgiZRYtZ1mQ7zOMG","Good & Evil","spotify:artist:7lqaPghwYv2mE9baz5XQmL","Tally Hall","2011-06-21","https://i.scdn.co/image/ab67616d0000b27325a5a1ed28871e8e53e62d59","1","2","194586","https://p.scdn.co/mp3-preview/ccacae68a6187328cd2433fa2001557abf60e3f5?cid=9950ac751e34487dbbe027c4fd7f8e99","false","60","TCAAX1184865","spotify:user:314atdqt2mqodvfwqh357n4m7cnu","2025-10-22T18:31:06Z"
"spotify:track:2E9EabdPii2mjeckhy1dhP","Edition","spotify:artist:7pbDxGE6nQSZVfiFdq9lOL","Rex Orange County","spotify:album:4Ao4KDoCp2AuONTk5XO2F4","Edition","spotify:artist:7pbDxGE6nQSZVfiFdq9lOL","Rex Orange County","2017-09-12","https://i.scdn.co/image/ab67616d0000b273444afccd150248b95de95ba4","1","1","115000","https://p.scdn.co/mp3-preview/08a0e5f80f619d2d379385430994fd602a445287?cid=9950ac751e34487dbbe027c4fd7f8e99","true","49","GBKPL1788103","spotify:user:314atdqt2mqodvfwqh357n4m7cnu","2025-10-22T19:47:24Z"
"spotify:track:39GNDyrCTPMlXb9JHLAAm3","Uno","spotify:artist:7pbDxGE6nQSZVfiFdq9lOL","Rex Orange County","spotify:album:6XpbhukKdSB6cnVPW7fgSR","Uno","spotify:artist:7pbDxGE6nQSZVfiFdq9lOL","Rex Orange County","2016-11-17","https://i.scdn.co/image/ab67616d0000b273683cd08f674182d192bead52","1","1","171789","https://p.scdn.co/mp3-preview/02366ad1392fabfb5b76b15fc9c80597408f1b33?cid=9950ac751e34487dbbe027c4fd7f8e99","true","48","US23A1500318","spotify:user:314atdqt2mqodvfwqh357n4m7cnu","2025-10-22T19:51:49Z"
"spotify:track:4fg2EzaeNhR2PWNGXbX18n","4 Seasons","spotify:artist:7pbDxGE6nQSZVfiFdq9lOL","Rex Orange County","spotify:album:4DxNdQzm6cBYuSn4dCimmT","Apricot Princess","spotify:artist:7pbDxGE6nQSZVfiFdq9lOL","Rex Orange County","2017-04-26","https://i.scdn.co/image/ab67616d0000b2731bd6d088d3d81972af4cb81d","1","6","301773","https://p.scdn.co/mp3-preview/10d8aeb9f581b4c4fa8c2096219741d6cb27f3da?cid=9950ac751e34487dbbe027c4fd7f8e99","true","54","US23A1500500","spotify:user:314atdqt2mqodvfwqh357n4m7cnu","2025-10-22T19:54:23Z"
"spotify:track:1B04mWViAk7jcLEifYbvdi","Waiting Room","spotify:artist:7pbDxGE6nQSZVfiFdq9lOL","Rex Orange County","spotify:album:4DxNdQzm6cBYuSn4dCimmT","Apricot Princess","spotify:artist:7pbDxGE6nQSZVfiFdq9lOL","Rex Orange County","2017-04-26","https://i.scdn.co/image/ab67616d0000b2731bd6d088d3d81972af4cb81d","1","7","240346","https://p.scdn.co/mp3-preview/2f0e55578410c50ff7b4362d1a473b3dbb19af26?cid=9950ac751e34487dbbe027c4fd7f8e99","true","52","US23A1500501","spotify:user:314atdqt2mqodvfwqh357n4m7cnu","2025-10-22T19:55:11Z"
"spotify:track:12dtBMOafWqGvjJhKxAJ7q","Rain Man","spotify:artist:7pbDxGE6nQSZVfiFdq9lOL","Rex Orange County","spotify:album:4DxNdQzm6cBYuSn4dCimmT","Apricot Princess","spotify:artist:7pbDxGE6nQSZVfiFdq9lOL","Rex Orange County","2017-04-26","https://i.scdn.co/image/ab67616d0000b2731bd6d088d3d81972af4cb81d","1","8","44120","https://p.scdn.co/mp3-preview/486da2290015f50d528a273073ccf44376a5ccd8?cid=9950ac751e34487dbbe027c4fd7f8e99","false","42","US23A1500502","spotify:user:314atdqt2mqodvfwqh357n4m7cnu","2025-10-22T19:56:42Z"
"spotify:track:2UO6VQNKdwygetKaVCe39h","Never Enough","spotify:artist:7pbDxGE6nQSZVfiFdq9lOL","Rex Orange County","spotify:album:4DxNdQzm6cBYuSn4dCimmT","Apricot Princess","spotify:artist:7pbDxGE6nQSZVfiFdq9lOL","Rex Orange County","2017-04-26","https://i.scdn.co/image/ab67616d0000b2731bd6d088d3d81972af4cb81d","1","9","298520","https://p.scdn.co/mp3-preview/3f3ea3695c918d04245f0783ddaba89b70b133b0?cid=9950ac751e34487dbbe027c4fd7f8e99","true","57","US23A1500503","spotify:user:314atdqt2mqodvfwqh357n4m7cnu","2025-10-22T19:58:02Z"
"spotify:track:0AOc5dG23RCMvXTi47aLdl","Paradise","spotify:artist:7pbDxGE6nQSZVfiFdq9lOL","Rex Orange County","spotify:album:2PdLUS263cFyd7efyWH5B8","Bcos U Will Never B Free","spotify:artist:7pbDxGE6nQSZVfiFdq9lOL","Rex Orange County","2016-11-07","https://i.scdn.co/image/ab67616d0000b273fe1854cea6c63b2ba726a299","1","2","217500","https://p.scdn.co/mp3-preview/656a77732f8c51cbfb7077a65b0be77d4e973ba9?cid=9950ac751e34487dbbe027c4fd7f8e99","true","47","US23A1500298","spotify:user:314atdqt2mqodvfwqh357n4m7cnu","2025-10-22T19:59:31Z"
"spotify:track:4tVJ827zOdHHv3vIharAOQ","Belly (The Grass Stains)","spotify:artist:7pbDxGE6nQSZVfiFdq9lOL","Rex Orange County","spotify:album:2PdLUS263cFyd7efyWH5B8","Bcos U Will Never B Free","spotify:artist:7pbDxGE6nQSZVfiFdq9lOL","Rex Orange County","2016-11-07","https://i.scdn.co/image/ab67616d0000b273fe1854cea6c63b2ba726a299","1","3","259734","https://p.scdn.co/mp3-preview/c30acf10417d282095e2a53547e14aeafb6cc9f4?cid=9950ac751e34487dbbe027c4fd7f8e99","true","48","US23A1500299","spotify:user:314atdqt2mqodvfwqh357n4m7cnu","2025-10-22T20:00:50Z"
"spotify:track:3LZY9DOv1inEE7WWS3FM2y","Japan","spotify:artist:7pbDxGE6nQSZVfiFdq9lOL","Rex Orange County","spotify:album:2PdLUS263cFyd7efyWH5B8","Bcos U Will Never B Free","spotify:artist:7pbDxGE6nQSZVfiFdq9lOL","Rex Orange County","2016-11-07","https://i.scdn.co/image/ab67616d0000b273fe1854cea6c63b2ba726a299","1","5","106304","https://p.scdn.co/mp3-preview/a8c5abefa1f3263e2041233f5b0e11cfa023b7ab?cid=9950ac751e34487dbbe027c4fd7f8e99","true","40","US23A1500301","spotify:user:314atdqt2mqodvfwqh357n4m7cnu","2025-10-23T17:50:47Z"
"spotify:track:4WgnOBkGpZHgiHN33NmOsh","Portrait of Ned","spotify:artist:7pbDxGE6nQSZVfiFdq9lOL","Rex Orange County","spotify:album:2PdLUS263cFyd7efyWH5B8","Bcos U Will Never B Free","spotify:artist:7pbDxGE6nQSZVfiFdq9lOL","Rex Orange County","2016-11-07","https://i.scdn.co/image/ab67616d0000b273fe1854cea6c63b2ba726a299","1","6","113207","https://p.scdn.co/mp3-preview/af5e98e3690bd92941f3c6e2abc588a158a8fc1c?cid=9950ac751e34487dbbe027c4fd7f8e99","true","36","US23A1500302","spotify:user:314atdqt2mqodvfwqh357n4m7cnu","2025-10-23T17:52:46Z"
"spotify:track:6bI50CF2njHJgj7C0OwN8W","Curfew...","spotify:artist:7pbDxGE6nQSZVfiFdq9lOL","Rex Orange County","spotify:album:2PdLUS263cFyd7efyWH5B8","Bcos U Will Never B Free","spotify:artist:7pbDxGE6nQSZVfiFdq9lOL","Rex Orange County","2016-11-07","https://i.scdn.co/image/ab67616d0000b273fe1854cea6c63b2ba726a299","1","10","104000","https://p.scdn.co/mp3-preview/53d7db91d8e52c19d414dcefc7da5e233e9fbcb4?cid=9950ac751e34487dbbe027c4fd7f8e99","true","37","US23A1500306","spotify:user:314atdqt2mqodvfwqh357n4m7cnu","2025-10-23T18:02:59Z"
"spotify:track:7uNUSxzFjPj9JQaZidFreW","Stressed Out","spotify:artist:7pbDxGE6nQSZVfiFdq9lOL","Rex Orange County","spotify:album:5CNckxfLf4TCoMOoxgAU8l","Pony","spotify:artist:7pbDxGE6nQSZVfiFdq9lOL","Rex Orange County","2019-10-25","https://i.scdn.co/image/ab67616d0000b273733e6d7818eef87d20df86b5","1","5","105040","https://p.scdn.co/mp3-preview/9fa2fcb1caa575c58d817e063d38adb06910f61d?cid=9950ac751e34487dbbe027c4fd7f8e99","false","45","USRC11902531","spotify:user:314atdqt2mqodvfwqh357n4m7cnu","2025-10-23T18:09:28Z"
"spotify:track:0YdIIMb2MHuxoUudkAY9gS","Face to Face","spotify:artist:7pbDxGE6nQSZVfiFdq9lOL","Rex Orange County","spotify:album:5CNckxfLf4TCoMOoxgAU8l","Pony","spotify:artist:7pbDxGE6nQSZVfiFdq9lOL","Rex Orange County","2019-10-25","https://i.scdn.co/image/ab67616d0000b273733e6d7818eef87d20df86b5","1","4","219800","https://p.scdn.co/mp3-preview/141d2311ce00ea95ace752fcf25b321516938fbb?cid=9950ac751e34487dbbe027c4fd7f8e99","false","52","USRC11902238","spotify:user:314atdqt2mqodvfwqh357n4m7cnu","2025-10-23T18:10:47Z"
"spotify:track:5h68UTytwmTJDwoGbqLwzV","Never Had The Balls","spotify:artist:7pbDxGE6nQSZVfiFdq9lOL","Rex Orange County","spotify:album:5CNckxfLf4TCoMOoxgAU8l","Pony","spotify:artist:7pbDxGE6nQSZVfiFdq9lOL","Rex Orange County","2019-10-25","https://i.scdn.co/image/ab67616d0000b273733e6d7818eef87d20df86b5","1","6","236893","https://p.scdn.co/mp3-preview/896fb6fe26d450711442e9409c323a6577e813dc?cid=9950ac751e34487dbbe027c4fd7f8e99","false","48","USRC11902532","spotify:user:314atdqt2mqodvfwqh357n4m7cnu","2025-10-23T18:12:25Z"
"spotify:track:6lxJDscGCALBzA0BdhGCiL","It Gets Better","spotify:artist:7pbDxGE6nQSZVfiFdq9lOL","Rex Orange County","spotify:album:5CNckxfLf4TCoMOoxgAU8l","Pony","spotify:artist:7pbDxGE6nQSZVfiFdq9lOL","Rex Orange County","2019-10-25","https://i.scdn.co/image/ab67616d0000b273733e6d7818eef87d20df86b5","1","9","212893","https://p.scdn.co/mp3-preview/80eee80ce40176cc8ead338b5539e2572334b29f?cid=9950ac751e34487dbbe027c4fd7f8e99","false","47","USRC11902535","spotify:user:314atdqt2mqodvfwqh357n4m7cnu","2025-10-23T18:15:50Z"
"spotify:track:6SK6sdcklU02bEuhjvs5bK","Apricot Princess","spotify:artist:7pbDxGE6nQSZVfiFdq9lOL","Rex Orange County","spotify:album:4DxNdQzm6cBYuSn4dCimmT","Apricot Princess","spotify:artist:7pbDxGE6nQSZVfiFdq9lOL","Rex Orange County","2017-04-26","https://i.scdn.co/image/ab67616d0000b2731bd6d088d3d81972af4cb81d","1","1","238480","https://p.scdn.co/mp3-preview/c7158e4bdcf7a83931ce110e9fa91cfab61cc77f?cid=9950ac751e34487dbbe027c4fd7f8e99","true","52","US23A1500496","spotify:user:314atdqt2mqodvfwqh357n4m7cnu","2025-10-23T18:21:43Z"
"spotify:track:1dxqk42KIlMyrSawZ5YjBE","KEEP IT UP","spotify:artist:7pbDxGE6nQSZVfiFdq9lOL","Rex Orange County","spotify:album:2yI4m5Yu2tl8v0It5P9WVz","WHO CARES?","spotify:artist:7pbDxGE6nQSZVfiFdq9lOL","Rex Orange County","2022-03-11","https://i.scdn.co/image/ab67616d0000b2735b656d32ea6b0b9c54c2d2e0","1","1","183000","https://p.scdn.co/mp3-preview/f31a13a4b4c9578944996e3bb97a1171a9da9acd?cid=9950ac751e34487dbbe027c4fd7f8e99","false","51","USRC12102920","spotify:user:314atdqt2mqodvfwqh357n4m7cnu","2025-10-23T18:25:39Z"
"spotify:track:0O6zO72N38DFXx6R7fKsqx","New House","spotify:artist:7pbDxGE6nQSZVfiFdq9lOL","Rex Orange County","spotify:album:4yOWF2YwCTZrpvW8P5kp89","New House","spotify:artist:7pbDxGE6nQSZVfiFdq9lOL","Rex Orange County","2019-02-14","https://i.scdn.co/image/ab67616d0000b273e6f972e041e77b9b7e36c537","1","1","199052","https://p.scdn.co/mp3-preview/4514ca99ea65b1b0a62b329c737cad2f85af0497?cid=9950ac751e34487dbbe027c4fd7f8e99","true","47","GBKPL1936031","spotify:user:314atdqt2mqodvfwqh357n4m7cnu","2025-10-23T18:30:51Z"
"spotify:track:1jyddn36UN4tVsJGtaJfem","You Are the Best Thing","spotify:artist:6DoH7ywD5BcQvjloe9OcIj","Ray LaMontagne","spotify:album:2CbLBSlkvh2vR4JRLDRQso","Gossip In The Grain","spotify:artist:6DoH7ywD5BcQvjloe9OcIj","Ray LaMontagne","2008-10-13","https://i.scdn.co/image/ab67616d0000b273b73283373bf715a7e8adb87a","1","1","231840","https://p.scdn.co/mp3-preview/4610a2b53f927185bc3a0d11369cc392c434b4f9?cid=9950ac751e34487dbbe027c4fd7f8e99","false","70","USRC10800485","spotify:user:314atdqt2mqodvfwqh357n4m7cnu","2025-10-24T09:02:13Z"
"spotify:track:7yBjQ29XKxHlxuqycHuvmm","Wet","spotify:artist:3J8YGHzxEZzHRYVxGmQCvJ","Dazey and the Scouts","spotify:album:1qyq3sPzif79oiw9nPN99S","Maggot","spotify:artist:3J8YGHzxEZzHRYVxGmQCvJ","Dazey and the Scouts","2017-04-13","https://i.scdn.co/image/ab67616d0000b2739e1790f86057bfeb2ab5d5bf","1","2","171575","https://p.scdn.co/mp3-preview/406d6a1503aded773981eb8a613bdc5117b362dc?cid=9950ac751e34487dbbe027c4fd7f8e99","false","73","QMPKX1723029","spotify:user:314atdqt2mqodvfwqh357n4m7cnu","2025-10-24T19:16:18Z"
"spotify:track:0TZejo18HlJ86OrWNsXKnw","Mrs Magic","spotify:artist:1AbJ2cmwK400LSvdvBL5Jc","Strawberry Guy","spotify:album:3Oovjf1PZOryLQSDKwjJzO","Mrs Magic","spotify:artist:1AbJ2cmwK400LSvdvBL5Jc","Strawberry Guy","2019-07-24","https://i.scdn.co/image/ab67616d0000b2734695126ef47156001851e95c","1","1","208500","https://p.scdn.co/mp3-preview/b1a0642a2665b3f91f02009fc78783ea1f4aa08c?cid=9950ac751e34487dbbe027c4fd7f8e99","false","79","GBJGV1900102","spotify:user:314atdqt2mqodvfwqh357n4m7cnu","2025-10-24T19:51:41Z"
"spotify:track:59c2xv2kMzYM6HR9oY6BIa","Sweet Boy","spotify:artist:7eKkW1zo5uzW8kUntiiBvz","Malcolm Todd","spotify:album:2jX6yKrWw9bY7JAYHhhtqZ","Sweet Boy","spotify:artist:7eKkW1zo5uzW8kUntiiBvz","Malcolm Todd","2024-04-05","https://i.scdn.co/image/ab67616d0000b2732c1f34ecc1929fb59908aad1","1","6","180000","https://p.scdn.co/mp3-preview/8461916867f387befde1422b8f189f5180bbd608?cid=9950ac751e34487dbbe027c4fd7f8e99","true","80","USSM12306221","spotify:user:314atdqt2mqodvfwqh357n4m7cnu","2025-10-24T20:53:38Z"
"spotify:track:4jtUCPu0LU8y8EHG8tnhom","Birdhouse","spotify:artist:5rJVTTK0ucAxQhkUc0nXbH","Tiny Moving Parts","spotify:album:0hGe2EeB4e2PqTDwEaeqYn","Celebrate","spotify:artist:5rJVTTK0ucAxQhkUc0nXbH","Tiny Moving Parts","2016-05-20","https://i.scdn.co/image/ab67616d0000b273fc7ff30ab376672fb95abf48","1","3","181800","https://p.scdn.co/mp3-preview/6d33b75d6350c8f0e65101650bc292d4ff01c018?cid=9950ac751e34487dbbe027c4fd7f8e99","false","36","US72W1611462","spotify:user:314atdqt2mqodvfwqh357n4m7cnu","2025-10-27T18:26:30Z"
"spotify:track:1kCCqt8uPOMiE9Fcx5qENj","Relaxed","spotify:artist:4bcO5HAdhNgnkZzVo4AG74","MC Mablo Dos Paredões","spotify:album:0yaxvdFn55rDg3JNFxY5Al","Night","spotify:artist:4bcO5HAdhNgnkZzVo4AG74","MC Mablo Dos Paredões","2024-03-16","https://i.scdn.co/image/ab67616d0000b273d0e8f05e3effe2397184908f","1","2","64600","https://p.scdn.co/mp3-preview/616452c2b87c6b4e295e24bb30b28552905e6ec7?cid=9950ac751e34487dbbe027c4fd7f8e99","false","29","GXBAV2393127","spotify:user:314atdqt2mqodvfwqh357n4m7cnu","2025-11-01T13:26:19Z"
"spotify:track:2ej1A2Ze6P2EOW7KfIosZR","Feather (feat. Cise Starr & Akin from CYNE)","spotify:artist:3Rq3YOF9YG9YfCWD4D56RZ, spotify:artist:0NQ5kUvKwC9r53V095i0np","Nujabes, Cise Starr & Akin from CYNE","spotify:album:6nVACH6a27eOWiumAJhDWS","Modal Soul","spotify:artist:3Rq3YOF9YG9YfCWD4D56RZ","Nujabes","2005-11-11","https://i.scdn.co/image/ab67616d0000b273912cc8fe2e9a53d328757a41","1","1","175360","https://p.scdn.co/mp3-preview/5f938f411df9e22a60ff286f91964fb7e586bdca?cid=9950ac751e34487dbbe027c4fd7f8e99","true","67","JPH491605000","spotify:user:314atdqt2mqodvfwqh357n4m7cnu","2025-11-01T13:26:28Z"
"spotify:track:284qRqsftKxNPWrejNEewL","4K CARPET","spotify:artist:1q6wY1iLFFyx75yoKiemZ3","passengerprincess","spotify:album:6H57oq4pjohzx036mRDRsO","4K CARPET","spotify:artist:1q6wY1iLFFyx75yoKiemZ3","passengerprincess","2025-10-03","https://i.scdn.co/image/ab67616d0000b273ee25b6ccfc6b84dabf2c252f","1","1","120613","https://p.scdn.co/mp3-preview/959b186dd74d0ece8e0195597bb17f84dc91aa04?cid=9950ac751e34487dbbe027c4fd7f8e99","false","60","QZZ7W2578397","spotify:user:314atdqt2mqodvfwqh357n4m7cnu","2025-11-01T13:29:12Z"
"spotify:track:03cZAmz3XTbJqI9mfPRW6f","Step On Me","spotify:artist:1tqZaCwM57UFKjWoYwMLrw","The Cardigans","spotify:album:2tjRuVK42rxOlWunPHvyMy","La Colección De Discazos","spotify:artist:0LyfQWJT6nXafLPZqxe9Of","Various Artists","2023-09-08","https://i.scdn.co/image/ab67616d0000b2735e0a417cccc1796157269252","1","22","227733","","false","50","SEBKB9629370","spotify:user:314atdqt2mqodvfwqh357n4m7cnu","2025-11-01T13:29:58Z"
"spotify:track:4s0wkyeXeMTUERLQ9UX8kZ","Sliding Doors","spotify:artist:7pbDxGE6nQSZVfiFdq9lOL","Rex Orange County","spotify:album:5HSZsS7TGsyMvur547zjVe","The Alexander Technique","spotify:artist:7pbDxGE6nQSZVfiFdq9lOL","Rex Orange County","2024-09-06","https://i.scdn.co/image/ab67616d0000b2735297233edecb8bdbb86cbe94","1","12","200878","https://p.scdn.co/mp3-preview/27e935d6231ef24639585518a9eb6dd417bb76ab?cid=9950ac751e34487dbbe027c4fd7f8e99","false","41","USRC12401224","spotify:user:314atdqt2mqodvfwqh357n4m7cnu","2025-11-01T14:10:33Z"
"spotify:track:2x6iNna6wQexggFz8smJcB","Seventh Heaven","spotify:artist:0uoN6ea8SXzhV7WxyrvT1h","INOHA","spotify:album:02tJPcZLiSwr7HdFDOQA6S","ALOHA INOHA","spotify:artist:0uoN6ea8SXzhV7WxyrvT1h","INOHA","2024-05-03","https://i.scdn.co/image/ab67616d0000b273bce3aa89843c02d06c1c9fee","1","3","234499","https://p.scdn.co/mp3-preview/37f712e0604c1e44f0efc5c91d4dbc690d811667?cid=9950ac751e34487dbbe027c4fd7f8e99","false","70","QZDA72402508","spotify:user:314atdqt2mqodvfwqh357n4m7cnu","2025-11-01T14:18:29Z"
